test_id,PM2.5,PM10,O3
dongsi_aq#0,77.0,213.0,0.7
dongsi_aq#1,88.0,211.0,0.7
dongsi_aq#2,100.0,223.0,0.7
dongsi_aq#3,106.0,209.0,0.7
dongsi_aq#4,115.0,207.0,0.8
dongsi_aq#5,121.0,233.0,0.8
dongsi_aq#6,129.0,246.0,0.8
dongsi_aq#7,139.0,243.0,0.9
dongsi_aq#8,112.5,255.5,0.8500000000000001
dongsi_aq#9,137.0,239.0,1.0
dongsi_aq#10,131.0,206.0,1.1
dongsi_aq#11,115.0,207.0,1.7
dongsi_aq#12,111.0,218.0,1.7
dongsi_aq#13,109.0,224.0,1.6
dongsi_aq#14,104.0,216.0,1.5
dongsi_aq#15,82.0,212.0,1.4
dongsi_aq#16,71.0,201.0,1.3
dongsi_aq#17,63.0,186.0,0.4
dongsi_aq#18,54.67916666666667,152.3021666666667,78.24166666666666
dongsi_aq#19,54.67916666666667,152.3021666666667,78.24166666666666
dongsi_aq#20,54.67916666666667,152.3021666666667,78.24166666666666
dongsi_aq#21,54.67916666666667,152.3021666666667,78.24166666666666
dongsi_aq#22,54.67916666666667,152.3021666666667,78.24166666666666
dongsi_aq#23,54.67916666666667,152.3021666666667,78.24166666666666
dongsi_aq#24,77.0,213.0,0.7
dongsi_aq#25,88.0,211.0,0.7
dongsi_aq#26,100.0,223.0,0.7
dongsi_aq#27,106.0,209.0,0.7
dongsi_aq#28,115.0,207.0,0.8
dongsi_aq#29,121.0,233.0,0.8
dongsi_aq#30,129.0,246.0,0.8
dongsi_aq#31,139.0,243.0,0.9
dongsi_aq#32,112.5,255.5,0.8500000000000001
dongsi_aq#33,137.0,239.0,1.0
dongsi_aq#34,131.0,206.0,1.1
dongsi_aq#35,115.0,207.0,1.7
dongsi_aq#36,111.0,218.0,1.7
dongsi_aq#37,109.0,224.0,1.6
dongsi_aq#38,104.0,216.0,1.5
dongsi_aq#39,82.0,212.0,1.4
dongsi_aq#40,71.0,201.0,1.3
dongsi_aq#41,63.0,186.0,0.4
dongsi_aq#42,54.67916666666667,152.3021666666667,78.24166666666666
dongsi_aq#43,54.67916666666667,152.3021666666667,78.24166666666666
dongsi_aq#44,54.67916666666667,152.3021666666667,78.24166666666666
dongsi_aq#45,54.67916666666667,152.3021666666667,78.24166666666666
dongsi_aq#46,54.67916666666667,152.3021666666667,78.24166666666666
dongsi_aq#47,54.67916666666667,152.3021666666667,78.24166666666666
tiantan_aq#0,67.0,193.0,0.7
tiantan_aq#1,64.0,188.0,0.7
tiantan_aq#2,69.0,193.0,0.7
tiantan_aq#3,68.0,191.0,0.7
tiantan_aq#4,80.0,200.0,0.7
tiantan_aq#5,87.0,207.0,0.8
tiantan_aq#6,96.0,210.0,0.8
tiantan_aq#7,106.0,217.0,0.9
tiantan_aq#8,110.0,214.0,0.9
tiantan_aq#9,100.0,204.0,0.9
tiantan_aq#10,98.0,203.0,1.0
tiantan_aq#11,100.0,197.0,1.1
tiantan_aq#12,101.0,171.0,1.0
tiantan_aq#13,93.0,169.0,1.1
tiantan_aq#14,93.0,168.0,1.0
tiantan_aq#15,71.0,175.0,0.8
tiantan_aq#16,64.0,167.0,0.7
tiantan_aq#17,56.0,149.0,0.5
tiantan_aq#18,44.4375,129.490125,69.525
tiantan_aq#19,44.4375,129.490125,69.525
tiantan_aq#20,44.4375,129.490125,69.525
tiantan_aq#21,44.4375,129.490125,69.525
tiantan_aq#22,44.4375,129.490125,69.525
tiantan_aq#23,44.4375,129.490125,69.525
tiantan_aq#24,67.0,193.0,0.7
tiantan_aq#25,64.0,188.0,0.7
tiantan_aq#26,69.0,193.0,0.7
tiantan_aq#27,68.0,191.0,0.7
tiantan_aq#28,80.0,200.0,0.7
tiantan_aq#29,87.0,207.0,0.8
tiantan_aq#30,96.0,210.0,0.8
tiantan_aq#31,106.0,217.0,0.9
tiantan_aq#32,110.0,214.0,0.9
tiantan_aq#33,100.0,204.0,0.9
tiantan_aq#34,98.0,203.0,1.0
tiantan_aq#35,100.0,197.0,1.1
tiantan_aq#36,101.0,171.0,1.0
tiantan_aq#37,93.0,169.0,1.1
tiantan_aq#38,93.0,168.0,1.0
tiantan_aq#39,71.0,175.0,0.8
tiantan_aq#40,64.0,167.0,0.7
tiantan_aq#41,56.0,149.0,0.5
tiantan_aq#42,44.4375,129.490125,69.525
tiantan_aq#43,44.4375,129.490125,69.525
tiantan_aq#44,44.4375,129.490125,69.525
tiantan_aq#45,44.4375,129.490125,69.525
tiantan_aq#46,44.4375,129.490125,69.525
tiantan_aq#47,44.4375,129.490125,69.525
guanyuan_aq#0,63.0,202.0,0.6
guanyuan_aq#1,72.0,204.0,0.6
guanyuan_aq#2,80.0,219.0,0.6
guanyuan_aq#3,83.0,219.0,0.6
guanyuan_aq#4,87.0,220.0,0.6
guanyuan_aq#5,99.0,220.0,0.6
guanyuan_aq#6,104.0,224.0,0.7
guanyuan_aq#7,116.0,236.0,0.7
guanyuan_aq#8,120.0,231.0,0.8
guanyuan_aq#9,116.0,229.0,0.8
guanyuan_aq#10,116.0,220.0,0.9
guanyuan_aq#11,117.0,230.0,1.1
guanyuan_aq#12,105.0,204.0,0.9
guanyuan_aq#13,91.0,201.0,0.9
guanyuan_aq#14,93.0,198.0,0.8
guanyuan_aq#15,85.0,208.0,0.7
guanyuan_aq#16,74.0,203.0,0.6
guanyuan_aq#17,61.0,182.0,0.5
guanyuan_aq#18,48.25,135.31266666666667,82.71666666666667
guanyuan_aq#19,48.25,135.31266666666667,82.71666666666667
guanyuan_aq#20,48.25,135.31266666666667,82.71666666666667
guanyuan_aq#21,48.25,135.31266666666667,82.71666666666667
guanyuan_aq#22,48.25,135.31266666666667,82.71666666666667
guanyuan_aq#23,48.25,135.31266666666667,82.71666666666667
guanyuan_aq#24,63.0,202.0,0.6
guanyuan_aq#25,72.0,204.0,0.6
guanyuan_aq#26,80.0,219.0,0.6
guanyuan_aq#27,83.0,219.0,0.6
guanyuan_aq#28,87.0,220.0,0.6
guanyuan_aq#29,99.0,220.0,0.6
guanyuan_aq#30,104.0,224.0,0.7
guanyuan_aq#31,116.0,236.0,0.7
guanyuan_aq#32,120.0,231.0,0.8
guanyuan_aq#33,116.0,229.0,0.8
guanyuan_aq#34,116.0,220.0,0.9
guanyuan_aq#35,117.0,230.0,1.1
guanyuan_aq#36,105.0,204.0,0.9
guanyuan_aq#37,91.0,201.0,0.9
guanyuan_aq#38,93.0,198.0,0.8
guanyuan_aq#39,85.0,208.0,0.7
guanyuan_aq#40,74.0,203.0,0.6
guanyuan_aq#41,61.0,182.0,0.5
guanyuan_aq#42,48.25,135.31266666666667,82.71666666666667
guanyuan_aq#43,48.25,135.31266666666667,82.71666666666667
guanyuan_aq#44,48.25,135.31266666666667,82.71666666666667
guanyuan_aq#45,48.25,135.31266666666667,82.71666666666667
guanyuan_aq#46,48.25,135.31266666666667,82.71666666666667
guanyuan_aq#47,48.25,135.31266666666667,82.71666666666667
wanshouxig_aq#0,74.0,221.0,0.7
wanshouxig_aq#1,78.0,234.0,0.6
wanshouxig_aq#2,84.0,221.0,0.6
wanshouxig_aq#3,99.0,221.0,0.6
wanshouxig_aq#4,102.0,229.0,0.7
wanshouxig_aq#5,108.0,237.0,0.8
wanshouxig_aq#6,115.0,242.0,0.8
wanshouxig_aq#7,126.0,249.0,0.8
wanshouxig_aq#8,128.0,251.0,0.8
wanshouxig_aq#9,121.0,250.0,0.9
wanshouxig_aq#10,116.0,234.0,1.0
wanshouxig_aq#11,112.0,238.0,1.2
wanshouxig_aq#12,99.0,220.0,1.0
wanshouxig_aq#13,97.0,203.0,1.1
wanshouxig_aq#14,91.0,204.0,0.9
wanshouxig_aq#15,89.0,228.0,0.8
wanshouxig_aq#16,76.0,222.0,0.7
wanshouxig_aq#17,56.0,157.0,0.6
wanshouxig_aq#18,50.55,153.74216666666663,70.64166666666667
wanshouxig_aq#19,50.55,153.74216666666663,70.64166666666667
wanshouxig_aq#20,50.55,153.74216666666663,70.64166666666667
wanshouxig_aq#21,50.55,153.74216666666663,70.64166666666667
wanshouxig_aq#22,50.55,153.74216666666663,70.64166666666667
wanshouxig_aq#23,50.55,153.74216666666663,70.64166666666667
wanshouxig_aq#24,74.0,221.0,0.7
wanshouxig_aq#25,78.0,234.0,0.6
wanshouxig_aq#26,84.0,221.0,0.6
wanshouxig_aq#27,99.0,221.0,0.6
wanshouxig_aq#28,102.0,229.0,0.7
wanshouxig_aq#29,108.0,237.0,0.8
wanshouxig_aq#30,115.0,242.0,0.8
wanshouxig_aq#31,126.0,249.0,0.8
wanshouxig_aq#32,128.0,251.0,0.8
wanshouxig_aq#33,121.0,250.0,0.9
wanshouxig_aq#34,116.0,234.0,1.0
wanshouxig_aq#35,112.0,238.0,1.2
wanshouxig_aq#36,99.0,220.0,1.0
wanshouxig_aq#37,97.0,203.0,1.1
wanshouxig_aq#38,91.0,204.0,0.9
wanshouxig_aq#39,89.0,228.0,0.8
wanshouxig_aq#40,76.0,222.0,0.7
wanshouxig_aq#41,56.0,157.0,0.6
wanshouxig_aq#42,50.55,153.74216666666663,70.64166666666667
wanshouxig_aq#43,50.55,153.74216666666663,70.64166666666667
wanshouxig_aq#44,50.55,153.74216666666663,70.64166666666667
wanshouxig_aq#45,50.55,153.74216666666663,70.64166666666667
wanshouxig_aq#46,50.55,153.74216666666663,70.64166666666667
wanshouxig_aq#47,50.55,153.74216666666663,70.64166666666667
aotizhongx_aq#0,75.0,199.0,0.6
aotizhongx_aq#1,83.0,200.0,0.6
aotizhongx_aq#2,97.0,202.0,0.6
aotizhongx_aq#3,98.0,206.0,0.6
aotizhongx_aq#4,100.0,202.0,0.6
aotizhongx_aq#5,108.0,209.0,0.6
aotizhongx_aq#6,124.0,217.0,0.7
aotizhongx_aq#7,129.0,294.0,0.7
aotizhongx_aq#8,134.0,233.0,0.7
aotizhongx_aq#9,125.0,220.0,0.7
aotizhongx_aq#10,152.0,218.0,0.8
aotizhongx_aq#11,122.0,217.0,0.9
aotizhongx_aq#12,115.0,199.0,0.9
aotizhongx_aq#13,122.0,189.0,0.9
aotizhongx_aq#14,108.0,174.0,0.8
aotizhongx_aq#15,92.0,192.0,0.6
aotizhongx_aq#16,81.0,187.0,0.5
aotizhongx_aq#17,70.0,166.0,0.3
aotizhongx_aq#18,54.083333333333336,138.65341666666666,76.82083333333334
aotizhongx_aq#19,54.083333333333336,138.65341666666666,76.82083333333334
aotizhongx_aq#20,54.083333333333336,138.65341666666666,76.82083333333334
aotizhongx_aq#21,54.083333333333336,138.65341666666666,76.82083333333334
aotizhongx_aq#22,54.083333333333336,138.65341666666666,76.82083333333334
aotizhongx_aq#23,54.083333333333336,138.65341666666666,76.82083333333334
aotizhongx_aq#24,75.0,199.0,0.6
aotizhongx_aq#25,83.0,200.0,0.6
aotizhongx_aq#26,97.0,202.0,0.6
aotizhongx_aq#27,98.0,206.0,0.6
aotizhongx_aq#28,100.0,202.0,0.6
aotizhongx_aq#29,108.0,209.0,0.6
aotizhongx_aq#30,124.0,217.0,0.7
aotizhongx_aq#31,129.0,294.0,0.7
aotizhongx_aq#32,134.0,233.0,0.7
aotizhongx_aq#33,125.0,220.0,0.7
aotizhongx_aq#34,152.0,218.0,0.8
aotizhongx_aq#35,122.0,217.0,0.9
aotizhongx_aq#36,115.0,199.0,0.9
aotizhongx_aq#37,122.0,189.0,0.9
aotizhongx_aq#38,108.0,174.0,0.8
aotizhongx_aq#39,92.0,192.0,0.6
aotizhongx_aq#40,81.0,187.0,0.5
aotizhongx_aq#41,70.0,166.0,0.3
aotizhongx_aq#42,54.083333333333336,138.65341666666666,76.82083333333334
aotizhongx_aq#43,54.083333333333336,138.65341666666666,76.82083333333334
aotizhongx_aq#44,54.083333333333336,138.65341666666666,76.82083333333334
aotizhongx_aq#45,54.083333333333336,138.65341666666666,76.82083333333334
aotizhongx_aq#46,54.083333333333336,138.65341666666666,76.82083333333334
aotizhongx_aq#47,54.083333333333336,138.65341666666666,76.82083333333334
nongzhangu_aq#0,69.0,207.0,0.7
nongzhangu_aq#1,76.0,203.0,0.7
nongzhangu_aq#2,90.0,218.0,0.8
nongzhangu_aq#3,104.0,223.0,0.7
nongzhangu_aq#4,109.0,228.0,0.7
nongzhangu_aq#5,118.0,226.0,0.7
nongzhangu_aq#6,125.0,241.0,0.8
nongzhangu_aq#7,126.0,244.0,0.8
nongzhangu_aq#8,132.0,236.0,0.8
nongzhangu_aq#9,128.0,236.0,0.9
nongzhangu_aq#10,131.0,241.0,0.9
nongzhangu_aq#11,121.0,228.0,1.1
nongzhangu_aq#12,109.0,211.0,1.1
nongzhangu_aq#13,104.0,207.0,1.0
nongzhangu_aq#14,104.0,210.0,1.0
nongzhangu_aq#15,80.0,217.0,0.7
nongzhangu_aq#16,68.0,203.0,0.6
nongzhangu_aq#17,59.0,184.0,0.5
nongzhangu_aq#18,51.641666666666666,147.1314782913165,70.575
nongzhangu_aq#19,51.641666666666666,147.1314782913165,70.575
nongzhangu_aq#20,51.641666666666666,147.1314782913165,70.575
nongzhangu_aq#21,51.641666666666666,147.1314782913165,70.575
nongzhangu_aq#22,51.641666666666666,147.1314782913165,70.575
nongzhangu_aq#23,51.641666666666666,147.1314782913165,70.575
nongzhangu_aq#24,69.0,207.0,0.7
nongzhangu_aq#25,76.0,203.0,0.7
nongzhangu_aq#26,90.0,218.0,0.8
nongzhangu_aq#27,104.0,223.0,0.7
nongzhangu_aq#28,109.0,228.0,0.7
nongzhangu_aq#29,118.0,226.0,0.7
nongzhangu_aq#30,125.0,241.0,0.8
nongzhangu_aq#31,126.0,244.0,0.8
nongzhangu_aq#32,132.0,236.0,0.8
nongzhangu_aq#33,128.0,236.0,0.9
nongzhangu_aq#34,131.0,241.0,0.9
nongzhangu_aq#35,121.0,228.0,1.1
nongzhangu_aq#36,109.0,211.0,1.1
nongzhangu_aq#37,104.0,207.0,1.0
nongzhangu_aq#38,104.0,210.0,1.0
nongzhangu_aq#39,80.0,217.0,0.7
nongzhangu_aq#40,68.0,203.0,0.6
nongzhangu_aq#41,59.0,184.0,0.5
nongzhangu_aq#42,51.641666666666666,147.1314782913165,70.575
nongzhangu_aq#43,51.641666666666666,147.1314782913165,70.575
nongzhangu_aq#44,51.641666666666666,147.1314782913165,70.575
nongzhangu_aq#45,51.641666666666666,147.1314782913165,70.575
nongzhangu_aq#46,51.641666666666666,147.1314782913165,70.575
nongzhangu_aq#47,51.641666666666666,147.1314782913165,70.575
wanliu_aq#0,70.0,195.0,1.0
wanliu_aq#1,86.0,211.0,0.9
wanliu_aq#2,94.0,215.0,0.9
wanliu_aq#3,102.0,205.0,0.9
wanliu_aq#4,98.0,204.0,0.8
wanliu_aq#5,105.0,203.0,0.9
wanliu_aq#6,110.0,219.0,0.9
wanliu_aq#7,119.0,219.0,1.0
wanliu_aq#8,129.0,225.0,1.0
wanliu_aq#9,125.0,235.0,1.1
wanliu_aq#10,125.0,234.0,1.2
wanliu_aq#11,120.0,241.0,1.3
wanliu_aq#12,121.0,209.0,1.2
wanliu_aq#13,100.0,209.0,1.1
wanliu_aq#14,92.0,207.0,1.1
wanliu_aq#15,93.0,205.0,1.1
wanliu_aq#16,89.0,194.0,1.0
wanliu_aq#17,80.0,179.0,0.6
wanliu_aq#18,55.57083333333333,139.27672222222222,72.94166666666666
wanliu_aq#19,55.57083333333333,139.27672222222222,72.94166666666666
wanliu_aq#20,55.57083333333333,139.27672222222222,72.94166666666666
wanliu_aq#21,55.57083333333333,139.27672222222222,72.94166666666666
wanliu_aq#22,55.57083333333333,139.27672222222222,72.94166666666666
wanliu_aq#23,55.57083333333333,139.27672222222222,72.94166666666666
wanliu_aq#24,70.0,195.0,1.0
wanliu_aq#25,86.0,211.0,0.9
wanliu_aq#26,94.0,215.0,0.9
wanliu_aq#27,102.0,205.0,0.9
wanliu_aq#28,98.0,204.0,0.8
wanliu_aq#29,105.0,203.0,0.9
wanliu_aq#30,110.0,219.0,0.9
wanliu_aq#31,119.0,219.0,1.0
wanliu_aq#32,129.0,225.0,1.0
wanliu_aq#33,125.0,235.0,1.1
wanliu_aq#34,125.0,234.0,1.2
wanliu_aq#35,120.0,241.0,1.3
wanliu_aq#36,121.0,209.0,1.2
wanliu_aq#37,100.0,209.0,1.1
wanliu_aq#38,92.0,207.0,1.1
wanliu_aq#39,93.0,205.0,1.1
wanliu_aq#40,89.0,194.0,1.0
wanliu_aq#41,80.0,179.0,0.6
wanliu_aq#42,55.57083333333333,139.27672222222222,72.94166666666666
wanliu_aq#43,55.57083333333333,139.27672222222222,72.94166666666666
wanliu_aq#44,55.57083333333333,139.27672222222222,72.94166666666666
wanliu_aq#45,55.57083333333333,139.27672222222222,72.94166666666666
wanliu_aq#46,55.57083333333333,139.27672222222222,72.94166666666666
wanliu_aq#47,55.57083333333333,139.27672222222222,72.94166666666666
beibuxinqu_aq#0,106.0,306.0,1.0
beibuxinqu_aq#1,104.0,281.0,1.0
beibuxinqu_aq#2,113.0,296.0,0.9
beibuxinqu_aq#3,123.0,312.0,0.9
beibuxinqu_aq#4,125.0,289.0,0.9
beibuxinqu_aq#5,115.0,248.0,0.9
beibuxinqu_aq#6,117.0,238.0,0.9
beibuxinqu_aq#7,135.0,239.0,0.9
beibuxinqu_aq#8,136.0,282.0,1.0
beibuxinqu_aq#9,169.0,293.0,1.1
beibuxinqu_aq#10,156.0,282.0,1.1
beibuxinqu_aq#11,141.0,288.0,1.2
beibuxinqu_aq#12,140.0,297.0,1.4
beibuxinqu_aq#13,143.0,319.0,1.4
beibuxinqu_aq#14,151.0,275.0,1.4
beibuxinqu_aq#15,153.0,288.0,1.5
beibuxinqu_aq#16,160.0,298.0,1.4
beibuxinqu_aq#17,160.0,252.0,1.1
beibuxinqu_aq#18,58.65833333333333,181.22746296296296,59.608333333333334
beibuxinqu_aq#19,58.65833333333333,181.22746296296296,59.608333333333334
beibuxinqu_aq#20,58.65833333333333,181.22746296296296,59.608333333333334
beibuxinqu_aq#21,58.65833333333333,181.22746296296296,59.608333333333334
beibuxinqu_aq#22,58.65833333333333,181.22746296296296,59.608333333333334
beibuxinqu_aq#23,58.65833333333333,181.22746296296296,59.608333333333334
beibuxinqu_aq#24,106.0,306.0,1.0
beibuxinqu_aq#25,104.0,281.0,1.0
beibuxinqu_aq#26,113.0,296.0,0.9
beibuxinqu_aq#27,123.0,312.0,0.9
beibuxinqu_aq#28,125.0,289.0,0.9
beibuxinqu_aq#29,115.0,248.0,0.9
beibuxinqu_aq#30,117.0,238.0,0.9
beibuxinqu_aq#31,135.0,239.0,0.9
beibuxinqu_aq#32,136.0,282.0,1.0
beibuxinqu_aq#33,169.0,293.0,1.1
beibuxinqu_aq#34,156.0,282.0,1.1
beibuxinqu_aq#35,141.0,288.0,1.2
beibuxinqu_aq#36,140.0,297.0,1.4
beibuxinqu_aq#37,143.0,319.0,1.4
beibuxinqu_aq#38,151.0,275.0,1.4
beibuxinqu_aq#39,153.0,288.0,1.5
beibuxinqu_aq#40,160.0,298.0,1.4
beibuxinqu_aq#41,160.0,252.0,1.1
beibuxinqu_aq#42,58.65833333333333,181.22746296296296,59.608333333333334
beibuxinqu_aq#43,58.65833333333333,181.22746296296296,59.608333333333334
beibuxinqu_aq#44,58.65833333333333,181.22746296296296,59.608333333333334
beibuxinqu_aq#45,58.65833333333333,181.22746296296296,59.608333333333334
beibuxinqu_aq#46,58.65833333333333,181.22746296296296,59.608333333333334
beibuxinqu_aq#47,58.65833333333333,181.22746296296296,59.608333333333334
zhiwuyuan_aq#0,91.5,253.5,0.8
zhiwuyuan_aq#1,91.5,241.5,0.8
zhiwuyuan_aq#2,106.0,256.5,0.75
zhiwuyuan_aq#3,116.0,264.0,0.75
zhiwuyuan_aq#4,116.33333333333331,260.5,0.8
zhiwuyuan_aq#5,115.0,250.5,0.8
zhiwuyuan_aq#6,126.0,238.5,0.8500000000000001
zhiwuyuan_aq#7,132.0,241.5,0.9
zhiwuyuan_aq#8,136.5,262.5,0.95
zhiwuyuan_aq#9,150.5,267.5,1.0
zhiwuyuan_aq#10,147.0,261.0,1.1
zhiwuyuan_aq#11,138.5,264.5,1.2
zhiwuyuan_aq#12,134.0,262.0,1.2
zhiwuyuan_aq#13,125.5,268.0,1.15
zhiwuyuan_aq#14,127.5,242.5,1.1
zhiwuyuan_aq#15,122.0,250.0,1.1
zhiwuyuan_aq#16,125.5,253.0,1.0499999999999998
zhiwuyuan_aq#17,123.0,222.5,0.8500000000000001
zhiwuyuan_aq#18,57.87083333333332,166.14583333333334,64.3375
zhiwuyuan_aq#19,57.87083333333332,166.14583333333334,64.3375
zhiwuyuan_aq#20,57.87083333333332,166.14583333333334,64.3375
zhiwuyuan_aq#21,57.87083333333332,166.14583333333334,64.3375
zhiwuyuan_aq#22,57.87083333333332,166.14583333333334,64.3375
zhiwuyuan_aq#23,57.87083333333332,166.14583333333334,64.3375
zhiwuyuan_aq#24,91.5,253.5,0.8
zhiwuyuan_aq#25,91.5,241.5,0.8
zhiwuyuan_aq#26,106.0,256.5,0.75
zhiwuyuan_aq#27,116.0,264.0,0.75
zhiwuyuan_aq#28,116.33333333333331,260.5,0.8
zhiwuyuan_aq#29,115.0,250.5,0.8
zhiwuyuan_aq#30,126.0,238.5,0.8500000000000001
zhiwuyuan_aq#31,132.0,241.5,0.9
zhiwuyuan_aq#32,136.5,262.5,0.95
zhiwuyuan_aq#33,150.5,267.5,1.0
zhiwuyuan_aq#34,147.0,261.0,1.1
zhiwuyuan_aq#35,138.5,264.5,1.2
zhiwuyuan_aq#36,134.0,262.0,1.2
zhiwuyuan_aq#37,125.5,268.0,1.15
zhiwuyuan_aq#38,127.5,242.5,1.1
zhiwuyuan_aq#39,122.0,250.0,1.1
zhiwuyuan_aq#40,125.5,253.0,1.0499999999999998
zhiwuyuan_aq#41,123.0,222.5,0.8500000000000001
zhiwuyuan_aq#42,57.87083333333332,166.14583333333334,64.3375
zhiwuyuan_aq#43,57.87083333333332,166.14583333333334,64.3375
zhiwuyuan_aq#44,57.87083333333332,166.14583333333334,64.3375
zhiwuyuan_aq#45,57.87083333333332,166.14583333333334,64.3375
zhiwuyuan_aq#46,57.87083333333332,166.14583333333334,64.3375
zhiwuyuan_aq#47,57.87083333333332,166.14583333333334,64.3375
fengtaihua_aq#0,77.0,201.0,0.6
fengtaihua_aq#1,79.0,202.0,0.6
fengtaihua_aq#2,99.0,217.0,0.6
fengtaihua_aq#3,109.0,216.0,0.6
fengtaihua_aq#4,107.66666666666669,232.0,0.7
fengtaihua_aq#5,115.0,253.0,0.7
fengtaihua_aq#6,135.0,239.0,0.8
fengtaihua_aq#7,129.0,244.0,0.9
fengtaihua_aq#8,137.0,243.0,0.9
fengtaihua_aq#9,132.0,242.0,0.9
fengtaihua_aq#10,138.0,240.0,1.1
fengtaihua_aq#11,136.0,241.0,1.2
fengtaihua_aq#12,128.0,227.0,1.0
fengtaihua_aq#13,108.0,217.0,0.9
fengtaihua_aq#14,104.0,210.0,0.8
fengtaihua_aq#15,91.0,212.0,0.7
fengtaihua_aq#16,91.0,208.0,0.7
fengtaihua_aq#17,86.0,193.0,0.6
fengtaihua_aq#18,57.08333333333334,150.99308333333332,69.06666666666666
fengtaihua_aq#19,57.08333333333334,150.99308333333332,69.06666666666666
fengtaihua_aq#20,57.08333333333334,150.99308333333332,69.06666666666666
fengtaihua_aq#21,57.08333333333334,150.99308333333332,69.06666666666666
fengtaihua_aq#22,57.08333333333334,150.99308333333332,69.06666666666666
fengtaihua_aq#23,57.08333333333334,150.99308333333332,69.06666666666666
fengtaihua_aq#24,77.0,201.0,0.6
fengtaihua_aq#25,79.0,202.0,0.6
fengtaihua_aq#26,99.0,217.0,0.6
fengtaihua_aq#27,109.0,216.0,0.6
fengtaihua_aq#28,107.66666666666669,232.0,0.7
fengtaihua_aq#29,115.0,253.0,0.7
fengtaihua_aq#30,135.0,239.0,0.8
fengtaihua_aq#31,129.0,244.0,0.9
fengtaihua_aq#32,137.0,243.0,0.9
fengtaihua_aq#33,132.0,242.0,0.9
fengtaihua_aq#34,138.0,240.0,1.1
fengtaihua_aq#35,136.0,241.0,1.2
fengtaihua_aq#36,128.0,227.0,1.0
fengtaihua_aq#37,108.0,217.0,0.9
fengtaihua_aq#38,104.0,210.0,0.8
fengtaihua_aq#39,91.0,212.0,0.7
fengtaihua_aq#40,91.0,208.0,0.7
fengtaihua_aq#41,86.0,193.0,0.6
fengtaihua_aq#42,57.08333333333334,150.99308333333332,69.06666666666666
fengtaihua_aq#43,57.08333333333334,150.99308333333332,69.06666666666666
fengtaihua_aq#44,57.08333333333334,150.99308333333332,69.06666666666666
fengtaihua_aq#45,57.08333333333334,150.99308333333332,69.06666666666666
fengtaihua_aq#46,57.08333333333334,150.99308333333332,69.06666666666666
fengtaihua_aq#47,57.08333333333334,150.99308333333332,69.06666666666666
yungang_aq#0,81.0,208.0,0.6
yungang_aq#1,87.0,214.0,0.6
yungang_aq#2,92.0,224.0,0.6
yungang_aq#3,102.0,226.0,0.6
yungang_aq#4,99.0,224.0,0.6
yungang_aq#5,102.0,223.0,0.6
yungang_aq#6,114.0,236.0,0.7
yungang_aq#7,121.0,238.0,0.8
yungang_aq#8,129.0,247.0,0.9
yungang_aq#9,135.0,251.0,0.9
yungang_aq#10,136.0,236.0,1.0
yungang_aq#11,132.0,234.0,1.1
yungang_aq#12,128.0,235.0,1.2
yungang_aq#13,125.0,233.0,1.0
yungang_aq#14,115.0,213.0,0.9
yungang_aq#15,117.0,212.0,0.8
yungang_aq#16,121.0,225.0,0.8
yungang_aq#17,104.0,199.0,0.6
yungang_aq#18,54.03333333333333,142.61425,81.0
yungang_aq#19,54.03333333333333,142.61425,81.0
yungang_aq#20,54.03333333333333,142.61425,81.0
yungang_aq#21,54.03333333333333,142.61425,81.0
yungang_aq#22,54.03333333333333,142.61425,81.0
yungang_aq#23,54.03333333333333,142.61425,81.0
yungang_aq#24,81.0,208.0,0.6
yungang_aq#25,87.0,214.0,0.6
yungang_aq#26,92.0,224.0,0.6
yungang_aq#27,102.0,226.0,0.6
yungang_aq#28,99.0,224.0,0.6
yungang_aq#29,102.0,223.0,0.6
yungang_aq#30,114.0,236.0,0.7
yungang_aq#31,121.0,238.0,0.8
yungang_aq#32,129.0,247.0,0.9
yungang_aq#33,135.0,251.0,0.9
yungang_aq#34,136.0,236.0,1.0
yungang_aq#35,132.0,234.0,1.1
yungang_aq#36,128.0,235.0,1.2
yungang_aq#37,125.0,233.0,1.0
yungang_aq#38,115.0,213.0,0.9
yungang_aq#39,117.0,212.0,0.8
yungang_aq#40,121.0,225.0,0.8
yungang_aq#41,104.0,199.0,0.6
yungang_aq#42,54.03333333333333,142.61425,81.0
yungang_aq#43,54.03333333333333,142.61425,81.0
yungang_aq#44,54.03333333333333,142.61425,81.0
yungang_aq#45,54.03333333333333,142.61425,81.0
yungang_aq#46,54.03333333333333,142.61425,81.0
yungang_aq#47,54.03333333333333,142.61425,81.0
gucheng_aq#0,80.0,214.0,0.6
gucheng_aq#1,90.0,207.0,0.6
gucheng_aq#2,96.0,216.0,0.6
gucheng_aq#3,100.0,214.0,0.7
gucheng_aq#4,97.0,211.0,0.6
gucheng_aq#5,102.0,205.0,0.6
gucheng_aq#6,117.0,213.0,0.7
gucheng_aq#7,128.0,218.0,0.7
gucheng_aq#8,134.0,230.0,0.8
gucheng_aq#9,140.0,232.0,0.9
gucheng_aq#10,140.0,234.0,1.0
gucheng_aq#11,142.0,227.0,1.1
gucheng_aq#12,136.0,226.0,1.2
gucheng_aq#13,128.0,215.0,1.0
gucheng_aq#14,121.0,237.0,1.0
gucheng_aq#15,115.0,215.0,0.8
gucheng_aq#16,118.0,198.0,0.9
gucheng_aq#17,110.0,186.0,0.8
gucheng_aq#18,59.2,141.03141666666667,76.0
gucheng_aq#19,59.2,141.03141666666667,76.0
gucheng_aq#20,59.2,141.03141666666667,76.0
gucheng_aq#21,59.2,141.03141666666667,76.0
gucheng_aq#22,59.2,141.03141666666667,76.0
gucheng_aq#23,59.2,141.03141666666667,76.0
gucheng_aq#24,80.0,214.0,0.6
gucheng_aq#25,90.0,207.0,0.6
gucheng_aq#26,96.0,216.0,0.6
gucheng_aq#27,100.0,214.0,0.7
gucheng_aq#28,97.0,211.0,0.6
gucheng_aq#29,102.0,205.0,0.6
gucheng_aq#30,117.0,213.0,0.7
gucheng_aq#31,128.0,218.0,0.7
gucheng_aq#32,134.0,230.0,0.8
gucheng_aq#33,140.0,232.0,0.9
gucheng_aq#34,140.0,234.0,1.0
gucheng_aq#35,142.0,227.0,1.1
gucheng_aq#36,136.0,226.0,1.2
gucheng_aq#37,128.0,215.0,1.0
gucheng_aq#38,121.0,237.0,1.0
gucheng_aq#39,115.0,215.0,0.8
gucheng_aq#40,118.0,198.0,0.9
gucheng_aq#41,110.0,186.0,0.8
gucheng_aq#42,59.2,141.03141666666667,76.0
gucheng_aq#43,59.2,141.03141666666667,76.0
gucheng_aq#44,59.2,141.03141666666667,76.0
gucheng_aq#45,59.2,141.03141666666667,76.0
gucheng_aq#46,59.2,141.03141666666667,76.0
gucheng_aq#47,59.2,141.03141666666667,76.0
fangshan_aq#0,76.0,224.0,0.5
fangshan_aq#1,85.0,229.0,0.5
fangshan_aq#2,180.0,235.0,0.5
fangshan_aq#3,84.0,240.0,0.5
fangshan_aq#4,88.0,246.0,0.5
fangshan_aq#5,98.0,258.0,0.6
fangshan_aq#6,106.0,261.0,0.6
fangshan_aq#7,116.0,275.0,0.7
fangshan_aq#8,122.0,281.0,0.8
fangshan_aq#9,124.0,281.0,0.8
fangshan_aq#10,126.0,272.0,1.0
fangshan_aq#11,123.0,264.0,1.1
fangshan_aq#12,115.0,278.0,0.9
fangshan_aq#13,118.0,296.0,0.9
fangshan_aq#14,125.0,290.0,0.8
fangshan_aq#15,97.0,247.0,0.6
fangshan_aq#16,80.0,228.0,0.5
fangshan_aq#17,66.0,212.0,0.5
fangshan_aq#18,51.675,168.06285714285713,82.45
fangshan_aq#19,51.675,168.06285714285713,82.45
fangshan_aq#20,51.675,168.06285714285713,82.45
fangshan_aq#21,51.675,168.06285714285713,82.45
fangshan_aq#22,51.675,168.06285714285713,82.45
fangshan_aq#23,51.675,168.06285714285713,82.45
fangshan_aq#24,76.0,224.0,0.5
fangshan_aq#25,85.0,229.0,0.5
fangshan_aq#26,180.0,235.0,0.5
fangshan_aq#27,84.0,240.0,0.5
fangshan_aq#28,88.0,246.0,0.5
fangshan_aq#29,98.0,258.0,0.6
fangshan_aq#30,106.0,261.0,0.6
fangshan_aq#31,116.0,275.0,0.7
fangshan_aq#32,122.0,281.0,0.8
fangshan_aq#33,124.0,281.0,0.8
fangshan_aq#34,126.0,272.0,1.0
fangshan_aq#35,123.0,264.0,1.1
fangshan_aq#36,115.0,278.0,0.9
fangshan_aq#37,118.0,296.0,0.9
fangshan_aq#38,125.0,290.0,0.8
fangshan_aq#39,97.0,247.0,0.6
fangshan_aq#40,80.0,228.0,0.5
fangshan_aq#41,66.0,212.0,0.5
fangshan_aq#42,51.675,168.06285714285713,82.45
fangshan_aq#43,51.675,168.06285714285713,82.45
fangshan_aq#44,51.675,168.06285714285713,82.45
fangshan_aq#45,51.675,168.06285714285713,82.45
fangshan_aq#46,51.675,168.06285714285713,82.45
fangshan_aq#47,51.675,168.06285714285713,82.45
daxing_aq#0,67.0,201.0,0.8
daxing_aq#1,62.0,207.0,0.7
daxing_aq#2,66.0,217.0,0.6
daxing_aq#3,76.0,232.0,0.7
daxing_aq#4,88.0,223.0,0.8
daxing_aq#5,96.0,238.0,0.9
daxing_aq#6,105.0,251.0,0.9
daxing_aq#7,106.0,251.0,0.9
daxing_aq#8,107.0,242.0,1.0
daxing_aq#9,112.0,243.0,1.0
daxing_aq#10,105.0,225.0,1.2
daxing_aq#11,100.0,218.0,1.1
daxing_aq#12,91.0,212.0,1.0
daxing_aq#13,95.0,230.0,1.0
daxing_aq#14,88.0,251.0,0.9
daxing_aq#15,74.0,242.0,0.8
daxing_aq#16,59.0,207.0,0.7
daxing_aq#17,53.0,197.0,0.6
daxing_aq#18,54.31805555555556,156.97805555555558,66.32083333333334
daxing_aq#19,54.31805555555556,156.97805555555558,66.32083333333334
daxing_aq#20,54.31805555555556,156.97805555555558,66.32083333333334
daxing_aq#21,54.31805555555556,156.97805555555558,66.32083333333334
daxing_aq#22,54.31805555555556,156.97805555555558,66.32083333333334
daxing_aq#23,54.31805555555556,156.97805555555558,66.32083333333334
daxing_aq#24,67.0,201.0,0.8
daxing_aq#25,62.0,207.0,0.7
daxing_aq#26,66.0,217.0,0.6
daxing_aq#27,76.0,232.0,0.7
daxing_aq#28,88.0,223.0,0.8
daxing_aq#29,96.0,238.0,0.9
daxing_aq#30,105.0,251.0,0.9
daxing_aq#31,106.0,251.0,0.9
daxing_aq#32,107.0,242.0,1.0
daxing_aq#33,112.0,243.0,1.0
daxing_aq#34,105.0,225.0,1.2
daxing_aq#35,100.0,218.0,1.1
daxing_aq#36,91.0,212.0,1.0
daxing_aq#37,95.0,230.0,1.0
daxing_aq#38,88.0,251.0,0.9
daxing_aq#39,74.0,242.0,0.8
daxing_aq#40,59.0,207.0,0.7
daxing_aq#41,53.0,197.0,0.6
daxing_aq#42,54.31805555555556,156.97805555555558,66.32083333333334
daxing_aq#43,54.31805555555556,156.97805555555558,66.32083333333334
daxing_aq#44,54.31805555555556,156.97805555555558,66.32083333333334
daxing_aq#45,54.31805555555556,156.97805555555558,66.32083333333334
daxing_aq#46,54.31805555555556,156.97805555555558,66.32083333333334
daxing_aq#47,54.31805555555556,156.97805555555558,66.32083333333334
yizhuang_aq#0,59.0,167.0,0.9
yizhuang_aq#1,58.0,184.0,0.8
yizhuang_aq#2,63.0,193.0,0.7
yizhuang_aq#3,139.0,194.0,0.7
yizhuang_aq#4,115.0,210.0,0.8
yizhuang_aq#5,166.0,215.0,0.8
yizhuang_aq#6,95.0,212.0,0.8
yizhuang_aq#7,89.0,212.0,0.9
yizhuang_aq#8,96.0,195.0,0.9
yizhuang_aq#9,147.0,200.0,1.0
yizhuang_aq#10,91.0,195.0,1.0
yizhuang_aq#11,112.0,200.0,1.0
yizhuang_aq#12,90.0,192.0,0.9
yizhuang_aq#13,86.0,192.0,0.9
yizhuang_aq#14,119.0,195.0,0.7
yizhuang_aq#15,59.0,193.0,0.7
yizhuang_aq#16,59.0,162.0,0.7
yizhuang_aq#17,54.0,163.0,0.7
yizhuang_aq#18,46.102777777777774,142.91578968253967,74.75833333333334
yizhuang_aq#19,46.102777777777774,142.91578968253967,74.75833333333334
yizhuang_aq#20,46.102777777777774,142.91578968253967,74.75833333333334
yizhuang_aq#21,46.102777777777774,142.91578968253967,74.75833333333334
yizhuang_aq#22,46.102777777777774,142.91578968253967,74.75833333333334
yizhuang_aq#23,46.102777777777774,142.91578968253967,74.75833333333334
yizhuang_aq#24,59.0,167.0,0.9
yizhuang_aq#25,58.0,184.0,0.8
yizhuang_aq#26,63.0,193.0,0.7
yizhuang_aq#27,139.0,194.0,0.7
yizhuang_aq#28,115.0,210.0,0.8
yizhuang_aq#29,166.0,215.0,0.8
yizhuang_aq#30,95.0,212.0,0.8
yizhuang_aq#31,89.0,212.0,0.9
yizhuang_aq#32,96.0,195.0,0.9
yizhuang_aq#33,147.0,200.0,1.0
yizhuang_aq#34,91.0,195.0,1.0
yizhuang_aq#35,112.0,200.0,1.0
yizhuang_aq#36,90.0,192.0,0.9
yizhuang_aq#37,86.0,192.0,0.9
yizhuang_aq#38,119.0,195.0,0.7
yizhuang_aq#39,59.0,193.0,0.7
yizhuang_aq#40,59.0,162.0,0.7
yizhuang_aq#41,54.0,163.0,0.7
yizhuang_aq#42,46.102777777777774,142.91578968253967,74.75833333333334
yizhuang_aq#43,46.102777777777774,142.91578968253967,74.75833333333334
yizhuang_aq#44,46.102777777777774,142.91578968253967,74.75833333333334
yizhuang_aq#45,46.102777777777774,142.91578968253967,74.75833333333334
yizhuang_aq#46,46.102777777777774,142.91578968253967,74.75833333333334
yizhuang_aq#47,46.102777777777774,142.91578968253967,74.75833333333334
tongzhou_aq#0,77.0,212.0,0.8
tongzhou_aq#1,78.0,210.0,0.7
tongzhou_aq#2,93.0,218.0,0.7
tongzhou_aq#3,91.0,229.0,0.7
tongzhou_aq#4,97.0,227.0,0.7
tongzhou_aq#5,106.0,236.0,0.7
tongzhou_aq#6,115.0,234.0,0.7
tongzhou_aq#7,121.0,241.0,0.8
tongzhou_aq#8,127.0,240.0,0.8
tongzhou_aq#9,142.0,235.0,0.8
tongzhou_aq#10,152.0,230.0,0.8
tongzhou_aq#11,132.0,220.0,0.8
tongzhou_aq#12,127.0,230.0,1.0
tongzhou_aq#13,118.0,242.0,0.9
tongzhou_aq#14,100.0,241.0,0.7
tongzhou_aq#15,81.0,234.0,0.8
tongzhou_aq#16,70.0,205.0,0.7
tongzhou_aq#17,64.0,207.0,0.5
tongzhou_aq#18,55.983333333333334,161.85419444444446,74.675
tongzhou_aq#19,55.983333333333334,161.85419444444446,74.675
tongzhou_aq#20,55.983333333333334,161.85419444444446,74.675
tongzhou_aq#21,55.983333333333334,161.85419444444446,74.675
tongzhou_aq#22,55.983333333333334,161.85419444444446,74.675
tongzhou_aq#23,55.983333333333334,161.85419444444446,74.675
tongzhou_aq#24,77.0,212.0,0.8
tongzhou_aq#25,78.0,210.0,0.7
tongzhou_aq#26,93.0,218.0,0.7
tongzhou_aq#27,91.0,229.0,0.7
tongzhou_aq#28,97.0,227.0,0.7
tongzhou_aq#29,106.0,236.0,0.7
tongzhou_aq#30,115.0,234.0,0.7
tongzhou_aq#31,121.0,241.0,0.8
tongzhou_aq#32,127.0,240.0,0.8
tongzhou_aq#33,142.0,235.0,0.8
tongzhou_aq#34,152.0,230.0,0.8
tongzhou_aq#35,132.0,220.0,0.8
tongzhou_aq#36,127.0,230.0,1.0
tongzhou_aq#37,118.0,242.0,0.9
tongzhou_aq#38,100.0,241.0,0.7
tongzhou_aq#39,81.0,234.0,0.8
tongzhou_aq#40,70.0,205.0,0.7
tongzhou_aq#41,64.0,207.0,0.5
tongzhou_aq#42,55.983333333333334,161.85419444444446,74.675
tongzhou_aq#43,55.983333333333334,161.85419444444446,74.675
tongzhou_aq#44,55.983333333333334,161.85419444444446,74.675
tongzhou_aq#45,55.983333333333334,161.85419444444446,74.675
tongzhou_aq#46,55.983333333333334,161.85419444444446,74.675
tongzhou_aq#47,55.983333333333334,161.85419444444446,74.675
shunyi_aq#0,84.0,225.0,1.1
shunyi_aq#1,81.0,214.0,1.0
shunyi_aq#2,78.0,209.0,1.0
shunyi_aq#3,85.0,205.0,1.0
shunyi_aq#4,85.0,209.0,1.1
shunyi_aq#5,94.0,213.0,1.1
shunyi_aq#6,112.5,224.0,0.6499999999999999
shunyi_aq#7,109.0,227.0,1.1
shunyi_aq#8,109.0,230.0,1.1
shunyi_aq#9,116.0,222.0,1.1
shunyi_aq#10,116.0,218.0,1.2
shunyi_aq#11,114.0,211.0,1.2
shunyi_aq#12,112.0,248.0,1.4
shunyi_aq#13,119.0,194.0,1.4
shunyi_aq#14,119.0,197.0,1.3
shunyi_aq#15,123.0,218.0,1.2
shunyi_aq#16,103.0,211.0,1.1
shunyi_aq#17,96.0,201.0,1.0
shunyi_aq#18,52.9625,148.34177777777776,77.35833333333333
shunyi_aq#19,52.9625,148.34177777777776,77.35833333333333
shunyi_aq#20,52.9625,148.34177777777776,77.35833333333333
shunyi_aq#21,52.9625,148.34177777777776,77.35833333333333
shunyi_aq#22,52.9625,148.34177777777776,77.35833333333333
shunyi_aq#23,52.9625,148.34177777777776,77.35833333333333
shunyi_aq#24,84.0,225.0,1.1
shunyi_aq#25,81.0,214.0,1.0
shunyi_aq#26,78.0,209.0,1.0
shunyi_aq#27,85.0,205.0,1.0
shunyi_aq#28,85.0,209.0,1.1
shunyi_aq#29,94.0,213.0,1.1
shunyi_aq#30,112.5,224.0,0.6499999999999999
shunyi_aq#31,109.0,227.0,1.1
shunyi_aq#32,109.0,230.0,1.1
shunyi_aq#33,116.0,222.0,1.1
shunyi_aq#34,116.0,218.0,1.2
shunyi_aq#35,114.0,211.0,1.2
shunyi_aq#36,112.0,248.0,1.4
shunyi_aq#37,119.0,194.0,1.4
shunyi_aq#38,119.0,197.0,1.3
shunyi_aq#39,123.0,218.0,1.2
shunyi_aq#40,103.0,211.0,1.1
shunyi_aq#41,96.0,201.0,1.0
shunyi_aq#42,52.9625,148.34177777777776,77.35833333333333
shunyi_aq#43,52.9625,148.34177777777776,77.35833333333333
shunyi_aq#44,52.9625,148.34177777777776,77.35833333333333
shunyi_aq#45,52.9625,148.34177777777776,77.35833333333333
shunyi_aq#46,52.9625,148.34177777777776,77.35833333333333
shunyi_aq#47,52.9625,148.34177777777776,77.35833333333333
pingchang_aq#0,79.0,214.0,0.6
pingchang_aq#1,89.0,217.0,0.6
pingchang_aq#2,90.0,185.0,0.6
pingchang_aq#3,103.0,222.0,0.6
pingchang_aq#4,108.0,231.0,0.6
pingchang_aq#5,106.0,221.0,0.6
pingchang_aq#6,110.0,214.0,0.6
pingchang_aq#7,103.0,212.0,0.7
pingchang_aq#8,116.0,214.0,0.7
pingchang_aq#9,127.0,222.0,0.7
pingchang_aq#10,128.0,225.0,0.8
pingchang_aq#11,128.0,233.0,1.1
pingchang_aq#12,133.0,220.0,1.1
pingchang_aq#13,127.0,259.0,1.1
pingchang_aq#14,124.0,161.0,1.2
pingchang_aq#15,117.0,179.0,1.1
pingchang_aq#16,114.0,201.0,1.0
pingchang_aq#17,109.0,165.0,1.0
pingchang_aq#18,50.725,128.94261507936508,71.94583333333334
pingchang_aq#19,50.725,128.94261507936508,71.94583333333334
pingchang_aq#20,50.725,128.94261507936508,71.94583333333334
pingchang_aq#21,50.725,128.94261507936508,71.94583333333334
pingchang_aq#22,50.725,128.94261507936508,71.94583333333334
pingchang_aq#23,50.725,128.94261507936508,71.94583333333334
pingchang_aq#24,79.0,214.0,0.6
pingchang_aq#25,89.0,217.0,0.6
pingchang_aq#26,90.0,185.0,0.6
pingchang_aq#27,103.0,222.0,0.6
pingchang_aq#28,108.0,231.0,0.6
pingchang_aq#29,106.0,221.0,0.6
pingchang_aq#30,110.0,214.0,0.6
pingchang_aq#31,103.0,212.0,0.7
pingchang_aq#32,116.0,214.0,0.7
pingchang_aq#33,127.0,222.0,0.7
pingchang_aq#34,128.0,225.0,0.8
pingchang_aq#35,128.0,233.0,1.1
pingchang_aq#36,133.0,220.0,1.1
pingchang_aq#37,127.0,259.0,1.1
pingchang_aq#38,124.0,161.0,1.2
pingchang_aq#39,117.0,179.0,1.1
pingchang_aq#40,114.0,201.0,1.0
pingchang_aq#41,109.0,165.0,1.0
pingchang_aq#42,50.725,128.94261507936508,71.94583333333334
pingchang_aq#43,50.725,128.94261507936508,71.94583333333334
pingchang_aq#44,50.725,128.94261507936508,71.94583333333334
pingchang_aq#45,50.725,128.94261507936508,71.94583333333334
pingchang_aq#46,50.725,128.94261507936508,71.94583333333334
pingchang_aq#47,50.725,128.94261507936508,71.94583333333334
mentougou_aq#0,98.0,216.0,0.8
mentougou_aq#1,94.0,241.0,0.7
mentougou_aq#2,100.0,240.0,0.7
mentougou_aq#3,104.0,238.0,0.7
mentougou_aq#4,106.0,233.0,0.7
mentougou_aq#5,103.0,222.0,0.6
mentougou_aq#6,108.0,219.0,0.7
mentougou_aq#7,120.0,230.0,0.7
mentougou_aq#8,131.0,242.0,0.8
mentougou_aq#9,138.0,256.0,0.9
mentougou_aq#10,141.0,253.0,1.0
mentougou_aq#11,142.0,252.0,1.0
mentougou_aq#12,141.0,253.0,1.2
mentougou_aq#13,150.0,270.0,1.3
mentougou_aq#14,147.0,235.0,1.3
mentougou_aq#15,143.0,226.0,1.1
mentougou_aq#16,143.0,222.0,1.0
mentougou_aq#17,144.0,190.0,1.0
mentougou_aq#18,54.96666666666667,144.79525,70.45833333333333
mentougou_aq#19,54.96666666666667,144.79525,70.45833333333333
mentougou_aq#20,54.96666666666667,144.79525,70.45833333333333
mentougou_aq#21,54.96666666666667,144.79525,70.45833333333333
mentougou_aq#22,54.96666666666667,144.79525,70.45833333333333
mentougou_aq#23,54.96666666666667,144.79525,70.45833333333333
mentougou_aq#24,98.0,216.0,0.8
mentougou_aq#25,94.0,241.0,0.7
mentougou_aq#26,100.0,240.0,0.7
mentougou_aq#27,104.0,238.0,0.7
mentougou_aq#28,106.0,233.0,0.7
mentougou_aq#29,103.0,222.0,0.6
mentougou_aq#30,108.0,219.0,0.7
mentougou_aq#31,120.0,230.0,0.7
mentougou_aq#32,131.0,242.0,0.8
mentougou_aq#33,138.0,256.0,0.9
mentougou_aq#34,141.0,253.0,1.0
mentougou_aq#35,142.0,252.0,1.0
mentougou_aq#36,141.0,253.0,1.2
mentougou_aq#37,150.0,270.0,1.3
mentougou_aq#38,147.0,235.0,1.3
mentougou_aq#39,143.0,226.0,1.1
mentougou_aq#40,143.0,222.0,1.0
mentougou_aq#41,144.0,190.0,1.0
mentougou_aq#42,54.96666666666667,144.79525,70.45833333333333
mentougou_aq#43,54.96666666666667,144.79525,70.45833333333333
mentougou_aq#44,54.96666666666667,144.79525,70.45833333333333
mentougou_aq#45,54.96666666666667,144.79525,70.45833333333333
mentougou_aq#46,54.96666666666667,144.79525,70.45833333333333
mentougou_aq#47,54.96666666666667,144.79525,70.45833333333333
pinggu_aq#0,63.0,180.0,0.8
pinggu_aq#1,60.0,171.0,0.7
pinggu_aq#2,77.0,177.0,0.7
pinggu_aq#3,79.0,183.0,0.7
pinggu_aq#4,86.0,187.0,0.8
pinggu_aq#5,101.0,201.0,0.8
pinggu_aq#6,101.0,192.0,0.8
pinggu_aq#7,108.0,196.0,0.8
pinggu_aq#8,89.0,188.0,0.7
pinggu_aq#9,136.0,188.0,0.7
pinggu_aq#10,102.0,187.0,0.8
pinggu_aq#11,95.0,210.0,0.8
pinggu_aq#12,89.0,192.0,0.9
pinggu_aq#13,84.0,170.0,0.8
pinggu_aq#14,77.0,163.0,0.7
pinggu_aq#15,66.0,155.0,0.7
pinggu_aq#16,69.0,153.0,0.7
pinggu_aq#17,62.0,151.0,0.7
pinggu_aq#18,45.775,133.03455555555556,87.35555555555557
pinggu_aq#19,45.775,133.03455555555556,87.35555555555557
pinggu_aq#20,45.775,133.03455555555556,87.35555555555557
pinggu_aq#21,45.775,133.03455555555556,87.35555555555557
pinggu_aq#22,45.775,133.03455555555556,87.35555555555557
pinggu_aq#23,45.775,133.03455555555556,87.35555555555557
pinggu_aq#24,63.0,180.0,0.8
pinggu_aq#25,60.0,171.0,0.7
pinggu_aq#26,77.0,177.0,0.7
pinggu_aq#27,79.0,183.0,0.7
pinggu_aq#28,86.0,187.0,0.8
pinggu_aq#29,101.0,201.0,0.8
pinggu_aq#30,101.0,192.0,0.8
pinggu_aq#31,108.0,196.0,0.8
pinggu_aq#32,89.0,188.0,0.7
pinggu_aq#33,136.0,188.0,0.7
pinggu_aq#34,102.0,187.0,0.8
pinggu_aq#35,95.0,210.0,0.8
pinggu_aq#36,89.0,192.0,0.9
pinggu_aq#37,84.0,170.0,0.8
pinggu_aq#38,77.0,163.0,0.7
pinggu_aq#39,66.0,155.0,0.7
pinggu_aq#40,69.0,153.0,0.7
pinggu_aq#41,62.0,151.0,0.7
pinggu_aq#42,45.775,133.03455555555556,87.35555555555557
pinggu_aq#43,45.775,133.03455555555556,87.35555555555557
pinggu_aq#44,45.775,133.03455555555556,87.35555555555557
pinggu_aq#45,45.775,133.03455555555556,87.35555555555557
pinggu_aq#46,45.775,133.03455555555556,87.35555555555557
pinggu_aq#47,45.775,133.03455555555556,87.35555555555557
huairou_aq#0,80.0,201.0,0.9
huairou_aq#1,80.0,212.0,0.9
huairou_aq#2,80.0,210.0,0.8
huairou_aq#3,87.0,225.0,0.8
huairou_aq#4,87.0,216.0,0.8
huairou_aq#5,87.0,217.0,0.9
huairou_aq#6,92.0,219.0,1.0
huairou_aq#7,95.0,226.0,0.9
huairou_aq#8,97.0,232.0,0.9
huairou_aq#9,107.0,230.0,0.9
huairou_aq#10,109.0,221.0,1.0
huairou_aq#11,110.0,216.0,1.0
huairou_aq#12,120.0,232.0,1.4
huairou_aq#13,126.0,202.0,1.1
huairou_aq#14,121.0,189.0,1.1
huairou_aq#15,115.0,176.0,1.0
huairou_aq#16,109.0,177.0,1.0
huairou_aq#17,102.0,175.0,0.9
huairou_aq#18,45.825,135.57141666666666,73.17777777777776
huairou_aq#19,45.825,135.57141666666666,73.17777777777776
huairou_aq#20,45.825,135.57141666666666,73.17777777777776
huairou_aq#21,45.825,135.57141666666666,73.17777777777776
huairou_aq#22,45.825,135.57141666666666,73.17777777777776
huairou_aq#23,45.825,135.57141666666666,73.17777777777776
huairou_aq#24,80.0,201.0,0.9
huairou_aq#25,80.0,212.0,0.9
huairou_aq#26,80.0,210.0,0.8
huairou_aq#27,87.0,225.0,0.8
huairou_aq#28,87.0,216.0,0.8
huairou_aq#29,87.0,217.0,0.9
huairou_aq#30,92.0,219.0,1.0
huairou_aq#31,95.0,226.0,0.9
huairou_aq#32,97.0,232.0,0.9
huairou_aq#33,107.0,230.0,0.9
huairou_aq#34,109.0,221.0,1.0
huairou_aq#35,110.0,216.0,1.0
huairou_aq#36,120.0,232.0,1.4
huairou_aq#37,126.0,202.0,1.1
huairou_aq#38,121.0,189.0,1.1
huairou_aq#39,115.0,176.0,1.0
huairou_aq#40,109.0,177.0,1.0
huairou_aq#41,102.0,175.0,0.9
huairou_aq#42,45.825,135.57141666666666,73.17777777777776
huairou_aq#43,45.825,135.57141666666666,73.17777777777776
huairou_aq#44,45.825,135.57141666666666,73.17777777777776
huairou_aq#45,45.825,135.57141666666666,73.17777777777776
huairou_aq#46,45.825,135.57141666666666,73.17777777777776
huairou_aq#47,45.825,135.57141666666666,73.17777777777776
miyun_aq#0,77.0,205.0,0.8
miyun_aq#1,200.0,230.5,0.7
miyun_aq#2,93.0,195.0,0.7
miyun_aq#3,87.0,200.0,0.7
miyun_aq#4,98.0,200.0,0.8
miyun_aq#5,99.0,204.0,0.9
miyun_aq#6,106.0,199.0,0.9
miyun_aq#7,108.0,206.0,0.9
miyun_aq#8,113.0,217.0,1.0
miyun_aq#9,110.0,211.0,1.0
miyun_aq#10,111.0,212.0,1.0
miyun_aq#11,117.0,207.0,1.0
miyun_aq#12,133.0,226.0,1.3
miyun_aq#13,124.0,217.0,1.3
miyun_aq#14,130.0,217.0,1.3
miyun_aq#15,125.0,214.0,1.2
miyun_aq#16,115.0,192.0,1.1
miyun_aq#17,108.0,174.0,0.9
miyun_aq#18,49.24166666666667,143.17095679012345,79.275
miyun_aq#19,49.24166666666667,143.17095679012345,79.275
miyun_aq#20,49.24166666666667,143.17095679012345,79.275
miyun_aq#21,49.24166666666667,143.17095679012345,79.275
miyun_aq#22,49.24166666666667,143.17095679012345,79.275
miyun_aq#23,49.24166666666667,143.17095679012345,79.275
miyun_aq#24,77.0,205.0,0.8
miyun_aq#25,200.0,230.5,0.7
miyun_aq#26,93.0,195.0,0.7
miyun_aq#27,87.0,200.0,0.7
miyun_aq#28,98.0,200.0,0.8
miyun_aq#29,99.0,204.0,0.9
miyun_aq#30,106.0,199.0,0.9
miyun_aq#31,108.0,206.0,0.9
miyun_aq#32,113.0,217.0,1.0
miyun_aq#33,110.0,211.0,1.0
miyun_aq#34,111.0,212.0,1.0
miyun_aq#35,117.0,207.0,1.0
miyun_aq#36,133.0,226.0,1.3
miyun_aq#37,124.0,217.0,1.3
miyun_aq#38,130.0,217.0,1.3
miyun_aq#39,125.0,214.0,1.2
miyun_aq#40,115.0,192.0,1.1
miyun_aq#41,108.0,174.0,0.9
miyun_aq#42,49.24166666666667,143.17095679012345,79.275
miyun_aq#43,49.24166666666667,143.17095679012345,79.275
miyun_aq#44,49.24166666666667,143.17095679012345,79.275
miyun_aq#45,49.24166666666667,143.17095679012345,79.275
miyun_aq#46,49.24166666666667,143.17095679012345,79.275
miyun_aq#47,49.24166666666667,143.17095679012345,79.275
yanqin_aq#0,107.0,269.0,0.7
yanqin_aq#1,106.0,249.0,0.7
yanqin_aq#2,110.0,236.0,0.7
yanqin_aq#3,113.0,226.0,0.6
yanqin_aq#4,108.0,221.0,0.6
yanqin_aq#5,106.0,217.0,0.7
yanqin_aq#6,118.0,224.0,0.7
yanqin_aq#7,120.0,251.0,0.7
yanqin_aq#8,121.0,262.0,0.7
yanqin_aq#9,119.0,188.0,0.8
yanqin_aq#10,126.0,248.0,0.8
yanqin_aq#11,128.0,247.0,0.9
yanqin_aq#12,142.0,245.0,0.9
yanqin_aq#13,144.0,246.0,1.0
yanqin_aq#14,150.0,239.0,1.0
yanqin_aq#15,150.0,243.0,1.0
yanqin_aq#16,143.0,217.0,1.0
yanqin_aq#17,141.0,200.0,1.0
yanqin_aq#18,53.704166666666666,148.39669444444445,72.37083333333334
yanqin_aq#19,53.704166666666666,148.39669444444445,72.37083333333334
yanqin_aq#20,53.704166666666666,148.39669444444445,72.37083333333334
yanqin_aq#21,53.704166666666666,148.39669444444445,72.37083333333334
yanqin_aq#22,53.704166666666666,148.39669444444445,72.37083333333334
yanqin_aq#23,53.704166666666666,148.39669444444445,72.37083333333334
yanqin_aq#24,107.0,269.0,0.7
yanqin_aq#25,106.0,249.0,0.7
yanqin_aq#26,110.0,236.0,0.7
yanqin_aq#27,113.0,226.0,0.6
yanqin_aq#28,108.0,221.0,0.6
yanqin_aq#29,106.0,217.0,0.7
yanqin_aq#30,118.0,224.0,0.7
yanqin_aq#31,120.0,251.0,0.7
yanqin_aq#32,121.0,262.0,0.7
yanqin_aq#33,119.0,188.0,0.8
yanqin_aq#34,126.0,248.0,0.8
yanqin_aq#35,128.0,247.0,0.9
yanqin_aq#36,142.0,245.0,0.9
yanqin_aq#37,144.0,246.0,1.0
yanqin_aq#38,150.0,239.0,1.0
yanqin_aq#39,150.0,243.0,1.0
yanqin_aq#40,143.0,217.0,1.0
yanqin_aq#41,141.0,200.0,1.0
yanqin_aq#42,53.704166666666666,148.39669444444445,72.37083333333334
yanqin_aq#43,53.704166666666666,148.39669444444445,72.37083333333334
yanqin_aq#44,53.704166666666666,148.39669444444445,72.37083333333334
yanqin_aq#45,53.704166666666666,148.39669444444445,72.37083333333334
yanqin_aq#46,53.704166666666666,148.39669444444445,72.37083333333334
yanqin_aq#47,53.704166666666666,148.39669444444445,72.37083333333334
dingling_aq#0,98.0,208.0,0.6
dingling_aq#1,116.0,220.0,0.6
dingling_aq#2,127.0,231.0,0.6
dingling_aq#3,136.0,233.0,0.7
dingling_aq#4,140.0,239.0,0.7
dingling_aq#5,139.0,235.0,0.7
dingling_aq#6,135.0,230.0,0.7
dingling_aq#7,141.0,328.0,0.6499999999999999
dingling_aq#8,147.0,169.0,0.8
dingling_aq#9,141.0,215.0,0.8
dingling_aq#10,140.0,229.0,0.9
dingling_aq#11,137.0,239.0,0.9
dingling_aq#12,122.0,191.0,0.9
dingling_aq#13,123.0,190.0,1.0
dingling_aq#14,124.0,184.0,1.0
dingling_aq#15,119.0,175.0,1.0
dingling_aq#16,122.0,172.0,0.9
dingling_aq#17,119.0,162.0,0.8
dingling_aq#18,50.44166666666667,132.38693584656085,76.9875
dingling_aq#19,50.44166666666667,132.38693584656085,76.9875
dingling_aq#20,50.44166666666667,132.38693584656085,76.9875
dingling_aq#21,50.44166666666667,132.38693584656085,76.9875
dingling_aq#22,50.44166666666667,132.38693584656085,76.9875
dingling_aq#23,50.44166666666667,132.38693584656085,76.9875
dingling_aq#24,98.0,208.0,0.6
dingling_aq#25,116.0,220.0,0.6
dingling_aq#26,127.0,231.0,0.6
dingling_aq#27,136.0,233.0,0.7
dingling_aq#28,140.0,239.0,0.7
dingling_aq#29,139.0,235.0,0.7
dingling_aq#30,135.0,230.0,0.7
dingling_aq#31,141.0,328.0,0.6499999999999999
dingling_aq#32,147.0,169.0,0.8
dingling_aq#33,141.0,215.0,0.8
dingling_aq#34,140.0,229.0,0.9
dingling_aq#35,137.0,239.0,0.9
dingling_aq#36,122.0,191.0,0.9
dingling_aq#37,123.0,190.0,1.0
dingling_aq#38,124.0,184.0,1.0
dingling_aq#39,119.0,175.0,1.0
dingling_aq#40,122.0,172.0,0.9
dingling_aq#41,119.0,162.0,0.8
dingling_aq#42,50.44166666666667,132.38693584656085,76.9875
dingling_aq#43,50.44166666666667,132.38693584656085,76.9875
dingling_aq#44,50.44166666666667,132.38693584656085,76.9875
dingling_aq#45,50.44166666666667,132.38693584656085,76.9875
dingling_aq#46,50.44166666666667,132.38693584656085,76.9875
dingling_aq#47,50.44166666666667,132.38693584656085,76.9875
badaling_aq#0,145.0,286.0,0.8
badaling_aq#1,159.0,274.0,0.7
badaling_aq#2,130.0,275.0,0.6
badaling_aq#3,109.0,281.0,0.6
badaling_aq#4,157.0,270.0,0.6
badaling_aq#5,138.0,279.0,0.6
badaling_aq#6,178.0,306.0,0.6
badaling_aq#7,203.0,305.0,0.6
badaling_aq#8,130.0,278.0,0.6
badaling_aq#9,131.0,270.0,0.6
badaling_aq#10,156.0,279.0,0.7
badaling_aq#11,276.0,298.0,0.8
badaling_aq#12,166.0,280.0,0.9
badaling_aq#13,193.0,276.0,1.0
badaling_aq#14,174.0,265.0,1.0
badaling_aq#15,164.0,246.0,1.0
badaling_aq#16,150.0,236.0,0.9
badaling_aq#17,152.0,257.0,1.0
badaling_aq#18,64.80416666666666,172.41891666666666,68.15833333333333
badaling_aq#19,64.80416666666666,172.41891666666666,68.15833333333333
badaling_aq#20,64.80416666666666,172.41891666666666,68.15833333333333
badaling_aq#21,64.80416666666666,172.41891666666666,68.15833333333333
badaling_aq#22,64.80416666666666,172.41891666666666,68.15833333333333
badaling_aq#23,64.80416666666666,172.41891666666666,68.15833333333333
badaling_aq#24,145.0,286.0,0.8
badaling_aq#25,159.0,274.0,0.7
badaling_aq#26,130.0,275.0,0.6
badaling_aq#27,109.0,281.0,0.6
badaling_aq#28,157.0,270.0,0.6
badaling_aq#29,138.0,279.0,0.6
badaling_aq#30,178.0,306.0,0.6
badaling_aq#31,203.0,305.0,0.6
badaling_aq#32,130.0,278.0,0.6
badaling_aq#33,131.0,270.0,0.6
badaling_aq#34,156.0,279.0,0.7
badaling_aq#35,276.0,298.0,0.8
badaling_aq#36,166.0,280.0,0.9
badaling_aq#37,193.0,276.0,1.0
badaling_aq#38,174.0,265.0,1.0
badaling_aq#39,164.0,246.0,1.0
badaling_aq#40,150.0,236.0,0.9
badaling_aq#41,152.0,257.0,1.0
badaling_aq#42,64.80416666666666,172.41891666666666,68.15833333333333
badaling_aq#43,64.80416666666666,172.41891666666666,68.15833333333333
badaling_aq#44,64.80416666666666,172.41891666666666,68.15833333333333
badaling_aq#45,64.80416666666666,172.41891666666666,68.15833333333333
badaling_aq#46,64.80416666666666,172.41891666666666,68.15833333333333
badaling_aq#47,64.80416666666666,172.41891666666666,68.15833333333333
miyunshuik_aq#0,79.0,196.0,0.7
miyunshuik_aq#1,76.0,202.0,0.7
miyunshuik_aq#2,81.0,199.0,0.6
miyunshuik_aq#3,82.0,207.0,0.7
miyunshuik_aq#4,85.0,207.0,0.7
miyunshuik_aq#5,97.0,197.0,0.8
miyunshuik_aq#6,98.0,197.0,0.8
miyunshuik_aq#7,106.0,209.0,0.8
miyunshuik_aq#8,109.0,212.0,0.9
miyunshuik_aq#9,110.0,210.0,0.9
miyunshuik_aq#10,108.0,204.0,0.9
miyunshuik_aq#11,108.0,209.0,0.9
miyunshuik_aq#12,127.0,207.0,0.9
miyunshuik_aq#13,112.0,196.0,1.0
miyunshuik_aq#14,109.0,172.0,1.0
miyunshuik_aq#15,107.0,172.0,0.9
miyunshuik_aq#16,106.0,162.0,0.9
miyunshuik_aq#17,105.0,154.0,0.8
miyunshuik_aq#18,42.74166666666667,142.38641276207454,86.2
miyunshuik_aq#19,42.74166666666667,142.38641276207454,86.2
miyunshuik_aq#20,42.74166666666667,142.38641276207454,86.2
miyunshuik_aq#21,42.74166666666667,142.38641276207454,86.2
miyunshuik_aq#22,42.74166666666667,142.38641276207454,86.2
miyunshuik_aq#23,42.74166666666667,142.38641276207454,86.2
miyunshuik_aq#24,79.0,196.0,0.7
miyunshuik_aq#25,76.0,202.0,0.7
miyunshuik_aq#26,81.0,199.0,0.6
miyunshuik_aq#27,82.0,207.0,0.7
miyunshuik_aq#28,85.0,207.0,0.7
miyunshuik_aq#29,97.0,197.0,0.8
miyunshuik_aq#30,98.0,197.0,0.8
miyunshuik_aq#31,106.0,209.0,0.8
miyunshuik_aq#32,109.0,212.0,0.9
miyunshuik_aq#33,110.0,210.0,0.9
miyunshuik_aq#34,108.0,204.0,0.9
miyunshuik_aq#35,108.0,209.0,0.9
miyunshuik_aq#36,127.0,207.0,0.9
miyunshuik_aq#37,112.0,196.0,1.0
miyunshuik_aq#38,109.0,172.0,1.0
miyunshuik_aq#39,107.0,172.0,0.9
miyunshuik_aq#40,106.0,162.0,0.9
miyunshuik_aq#41,105.0,154.0,0.8
miyunshuik_aq#42,42.74166666666667,142.38641276207454,86.2
miyunshuik_aq#43,42.74166666666667,142.38641276207454,86.2
miyunshuik_aq#44,42.74166666666667,142.38641276207454,86.2
miyunshuik_aq#45,42.74166666666667,142.38641276207454,86.2
miyunshuik_aq#46,42.74166666666667,142.38641276207454,86.2
miyunshuik_aq#47,42.74166666666667,142.38641276207454,86.2
donggaocun_aq#0,59.0,169.0,0.6
donggaocun_aq#1,65.0,171.0,0.5
donggaocun_aq#2,64.0,178.0,0.6
donggaocun_aq#3,74.0,181.0,0.6
donggaocun_aq#4,90.0,188.0,0.7
donggaocun_aq#5,98.0,191.0,0.7
donggaocun_aq#6,99.5,196.0,0.6
donggaocun_aq#7,108.0,192.0,0.6
donggaocun_aq#8,75.0,188.0,0.5
donggaocun_aq#9,82.0,186.0,0.5
donggaocun_aq#10,79.0,175.0,0.5
donggaocun_aq#11,80.0,158.0,0.5
donggaocun_aq#12,89.0,172.0,0.6
donggaocun_aq#13,88.0,175.0,0.6
donggaocun_aq#14,75.0,172.0,0.6
donggaocun_aq#15,81.0,165.0,0.5
donggaocun_aq#16,78.0,173.0,0.6
donggaocun_aq#17,83.0,162.0,0.5
donggaocun_aq#18,41.25833333333333,139.57191666666668,92.35833333333333
donggaocun_aq#19,41.25833333333333,139.57191666666668,92.35833333333333
donggaocun_aq#20,41.25833333333333,139.57191666666668,92.35833333333333
donggaocun_aq#21,41.25833333333333,139.57191666666668,92.35833333333333
donggaocun_aq#22,41.25833333333333,139.57191666666668,92.35833333333333
donggaocun_aq#23,41.25833333333333,139.57191666666668,92.35833333333333
donggaocun_aq#24,59.0,169.0,0.6
donggaocun_aq#25,65.0,171.0,0.5
donggaocun_aq#26,64.0,178.0,0.6
donggaocun_aq#27,74.0,181.0,0.6
donggaocun_aq#28,90.0,188.0,0.7
donggaocun_aq#29,98.0,191.0,0.7
donggaocun_aq#30,99.5,196.0,0.6
donggaocun_aq#31,108.0,192.0,0.6
donggaocun_aq#32,75.0,188.0,0.5
donggaocun_aq#33,82.0,186.0,0.5
donggaocun_aq#34,79.0,175.0,0.5
donggaocun_aq#35,80.0,158.0,0.5
donggaocun_aq#36,89.0,172.0,0.6
donggaocun_aq#37,88.0,175.0,0.6
donggaocun_aq#38,75.0,172.0,0.6
donggaocun_aq#39,81.0,165.0,0.5
donggaocun_aq#40,78.0,173.0,0.6
donggaocun_aq#41,83.0,162.0,0.5
donggaocun_aq#42,41.25833333333333,139.57191666666668,92.35833333333333
donggaocun_aq#43,41.25833333333333,139.57191666666668,92.35833333333333
donggaocun_aq#44,41.25833333333333,139.57191666666668,92.35833333333333
donggaocun_aq#45,41.25833333333333,139.57191666666668,92.35833333333333
donggaocun_aq#46,41.25833333333333,139.57191666666668,92.35833333333333
donggaocun_aq#47,41.25833333333333,139.57191666666668,92.35833333333333
yongledian_aq#0,76.0,208.0,0.8
yongledian_aq#1,73.0,208.0,0.7
yongledian_aq#2,80.0,224.0,0.9
yongledian_aq#3,84.0,229.0,1.0
yongledian_aq#4,95.0,240.0,1.1
yongledian_aq#5,99.0,237.0,1.1
yongledian_aq#6,101.0,245.0,1.1
yongledian_aq#7,110.0,247.0,1.1
yongledian_aq#8,94.0,233.0,0.9
yongledian_aq#9,100.0,224.0,0.8
yongledian_aq#10,94.0,221.0,0.8
yongledian_aq#11,88.0,217.0,0.8
yongledian_aq#12,88.0,242.0,0.9
yongledian_aq#13,83.0,312.0,0.8
yongledian_aq#14,77.0,224.0,0.7
yongledian_aq#15,72.0,210.0,0.7
yongledian_aq#16,80.0,211.0,0.8
yongledian_aq#17,80.0,207.0,0.8
yongledian_aq#18,55.0,174.81125,92.81666666666666
yongledian_aq#19,55.0,174.81125,92.81666666666666
yongledian_aq#20,55.0,174.81125,92.81666666666666
yongledian_aq#21,55.0,174.81125,92.81666666666666
yongledian_aq#22,55.0,174.81125,92.81666666666666
yongledian_aq#23,55.0,174.81125,92.81666666666666
yongledian_aq#24,76.0,208.0,0.8
yongledian_aq#25,73.0,208.0,0.7
yongledian_aq#26,80.0,224.0,0.9
yongledian_aq#27,84.0,229.0,1.0
yongledian_aq#28,95.0,240.0,1.1
yongledian_aq#29,99.0,237.0,1.1
yongledian_aq#30,101.0,245.0,1.1
yongledian_aq#31,110.0,247.0,1.1
yongledian_aq#32,94.0,233.0,0.9
yongledian_aq#33,100.0,224.0,0.8
yongledian_aq#34,94.0,221.0,0.8
yongledian_aq#35,88.0,217.0,0.8
yongledian_aq#36,88.0,242.0,0.9
yongledian_aq#37,83.0,312.0,0.8
yongledian_aq#38,77.0,224.0,0.7
yongledian_aq#39,72.0,210.0,0.7
yongledian_aq#40,80.0,211.0,0.8
yongledian_aq#41,80.0,207.0,0.8
yongledian_aq#42,55.0,174.81125,92.81666666666666
yongledian_aq#43,55.0,174.81125,92.81666666666666
yongledian_aq#44,55.0,174.81125,92.81666666666666
yongledian_aq#45,55.0,174.81125,92.81666666666666
yongledian_aq#46,55.0,174.81125,92.81666666666666
yongledian_aq#47,55.0,174.81125,92.81666666666666
yufa_aq#0,73.0,193.0,0.5
yufa_aq#1,113.0,206.0,0.5
yufa_aq#2,88.0,220.0,0.6
yufa_aq#3,101.0,239.0,0.7
yufa_aq#4,107.0,242.0,0.8
yufa_aq#5,119.0,232.0,0.8
yufa_aq#6,125.0,234.0,0.8
yufa_aq#7,136.0,235.0,0.9
yufa_aq#8,131.0,216.0,0.9
yufa_aq#9,132.0,215.0,0.9
yufa_aq#10,111.0,233.0,0.8
yufa_aq#11,102.0,224.0,0.7
yufa_aq#12,97.0,225.0,0.7
yufa_aq#13,77.0,232.0,0.6
yufa_aq#14,77.0,245.0,0.6
yufa_aq#15,73.0,220.0,0.6
yufa_aq#16,64.0,206.0,0.5
yufa_aq#17,60.0,194.0,0.4
yufa_aq#18,50.525,167.04858333333334,84.7
yufa_aq#19,50.525,167.04858333333334,84.7
yufa_aq#20,50.525,167.04858333333334,84.7
yufa_aq#21,50.525,167.04858333333334,84.7
yufa_aq#22,50.525,167.04858333333334,84.7
yufa_aq#23,50.525,167.04858333333334,84.7
yufa_aq#24,73.0,193.0,0.5
yufa_aq#25,113.0,206.0,0.5
yufa_aq#26,88.0,220.0,0.6
yufa_aq#27,101.0,239.0,0.7
yufa_aq#28,107.0,242.0,0.8
yufa_aq#29,119.0,232.0,0.8
yufa_aq#30,125.0,234.0,0.8
yufa_aq#31,136.0,235.0,0.9
yufa_aq#32,131.0,216.0,0.9
yufa_aq#33,132.0,215.0,0.9
yufa_aq#34,111.0,233.0,0.8
yufa_aq#35,102.0,224.0,0.7
yufa_aq#36,97.0,225.0,0.7
yufa_aq#37,77.0,232.0,0.6
yufa_aq#38,77.0,245.0,0.6
yufa_aq#39,73.0,220.0,0.6
yufa_aq#40,64.0,206.0,0.5
yufa_aq#41,60.0,194.0,0.4
yufa_aq#42,50.525,167.04858333333334,84.7
yufa_aq#43,50.525,167.04858333333334,84.7
yufa_aq#44,50.525,167.04858333333334,84.7
yufa_aq#45,50.525,167.04858333333334,84.7
yufa_aq#46,50.525,167.04858333333334,84.7
yufa_aq#47,50.525,167.04858333333334,84.7
liulihe_aq#0,100.0,299.0,0.5
liulihe_aq#1,91.0,238.0,0.5
liulihe_aq#2,97.0,252.0,0.5
liulihe_aq#3,106.0,264.0,0.5
liulihe_aq#4,108.0,256.0,0.5
liulihe_aq#5,105.0,263.0,0.5
liulihe_aq#6,117.0,278.0,0.6
liulihe_aq#7,127.0,286.0,0.7
liulihe_aq#8,134.0,282.0,0.7
liulihe_aq#9,141.0,277.0,0.8
liulihe_aq#10,129.0,253.0,0.9
liulihe_aq#11,133.0,268.0,0.9
liulihe_aq#12,113.0,260.0,0.9
liulihe_aq#13,143.0,294.0,1.0
liulihe_aq#14,148.0,278.0,0.9
liulihe_aq#15,135.0,268.0,0.9
liulihe_aq#16,139.0,306.0,0.9
liulihe_aq#17,115.0,271.0,0.6
liulihe_aq#18,52.69166666666667,177.21394444444442,65.94583333333334
liulihe_aq#19,52.69166666666667,177.21394444444442,65.94583333333334
liulihe_aq#20,52.69166666666667,177.21394444444442,65.94583333333334
liulihe_aq#21,52.69166666666667,177.21394444444442,65.94583333333334
liulihe_aq#22,52.69166666666667,177.21394444444442,65.94583333333334
liulihe_aq#23,52.69166666666667,177.21394444444442,65.94583333333334
liulihe_aq#24,100.0,299.0,0.5
liulihe_aq#25,91.0,238.0,0.5
liulihe_aq#26,97.0,252.0,0.5
liulihe_aq#27,106.0,264.0,0.5
liulihe_aq#28,108.0,256.0,0.5
liulihe_aq#29,105.0,263.0,0.5
liulihe_aq#30,117.0,278.0,0.6
liulihe_aq#31,127.0,286.0,0.7
liulihe_aq#32,134.0,282.0,0.7
liulihe_aq#33,141.0,277.0,0.8
liulihe_aq#34,129.0,253.0,0.9
liulihe_aq#35,133.0,268.0,0.9
liulihe_aq#36,113.0,260.0,0.9
liulihe_aq#37,143.0,294.0,1.0
liulihe_aq#38,148.0,278.0,0.9
liulihe_aq#39,135.0,268.0,0.9
liulihe_aq#40,139.0,306.0,0.9
liulihe_aq#41,115.0,271.0,0.6
liulihe_aq#42,52.69166666666667,177.21394444444442,65.94583333333334
liulihe_aq#43,52.69166666666667,177.21394444444442,65.94583333333334
liulihe_aq#44,52.69166666666667,177.21394444444442,65.94583333333334
liulihe_aq#45,52.69166666666667,177.21394444444442,65.94583333333334
liulihe_aq#46,52.69166666666667,177.21394444444442,65.94583333333334
liulihe_aq#47,52.69166666666667,177.21394444444442,65.94583333333334
qianmen_aq#0,172.0,209.0,0.7
qianmen_aq#1,218.0,223.0,0.7
qianmen_aq#2,154.0,234.0,0.6
qianmen_aq#3,155.0,216.0,0.6
qianmen_aq#4,148.0,223.0,0.7
qianmen_aq#5,153.0,228.0,0.7
qianmen_aq#6,114.5,249.0,0.8
qianmen_aq#7,129.66666666666666,246.0,0.8
qianmen_aq#8,74.0,245.0,0.9
qianmen_aq#9,105.0,246.0,0.9
qianmen_aq#10,103.0,235.0,1.0
qianmen_aq#11,110.0,236.0,1.2
qianmen_aq#12,130.0,220.0,1.1
qianmen_aq#13,87.0,229.0,1.1
qianmen_aq#14,88.0,222.0,0.9
qianmen_aq#15,75.0,223.0,0.7
qianmen_aq#16,60.0,198.0,0.6
qianmen_aq#17,42.0,180.0,0.5
qianmen_aq#18,60.91805555555556,144.64675,67.31041666666667
qianmen_aq#19,60.91805555555556,144.64675,67.31041666666667
qianmen_aq#20,60.91805555555556,144.64675,67.31041666666667
qianmen_aq#21,60.91805555555556,144.64675,67.31041666666667
qianmen_aq#22,60.91805555555556,144.64675,67.31041666666667
qianmen_aq#23,60.91805555555556,144.64675,67.31041666666667
qianmen_aq#24,172.0,209.0,0.7
qianmen_aq#25,218.0,223.0,0.7
qianmen_aq#26,154.0,234.0,0.6
qianmen_aq#27,155.0,216.0,0.6
qianmen_aq#28,148.0,223.0,0.7
qianmen_aq#29,153.0,228.0,0.7
qianmen_aq#30,114.5,249.0,0.8
qianmen_aq#31,129.66666666666666,246.0,0.8
qianmen_aq#32,74.0,245.0,0.9
qianmen_aq#33,105.0,246.0,0.9
qianmen_aq#34,103.0,235.0,1.0
qianmen_aq#35,110.0,236.0,1.2
qianmen_aq#36,130.0,220.0,1.1
qianmen_aq#37,87.0,229.0,1.1
qianmen_aq#38,88.0,222.0,0.9
qianmen_aq#39,75.0,223.0,0.7
qianmen_aq#40,60.0,198.0,0.6
qianmen_aq#41,42.0,180.0,0.5
qianmen_aq#42,60.91805555555556,144.64675,67.31041666666667
qianmen_aq#43,60.91805555555556,144.64675,67.31041666666667
qianmen_aq#44,60.91805555555556,144.64675,67.31041666666667
qianmen_aq#45,60.91805555555556,144.64675,67.31041666666667
qianmen_aq#46,60.91805555555556,144.64675,67.31041666666667
qianmen_aq#47,60.91805555555556,144.64675,67.31041666666667
yongdingme_aq#0,71.0,204.0,0.9
yongdingme_aq#1,77.0,200.0,0.7
yongdingme_aq#2,72.0,194.0,0.7
yongdingme_aq#3,89.0,195.0,0.8
yongdingme_aq#4,96.0,208.0,0.8
yongdingme_aq#5,114.0,212.0,0.8
yongdingme_aq#6,112.0,220.0,1.0
yongdingme_aq#7,132.33333333333334,237.0,0.8
yongdingme_aq#8,60.0,225.0,0.8500000000000001
yongdingme_aq#9,122.0,220.0,0.9
yongdingme_aq#10,115.0,210.0,1.1
yongdingme_aq#11,109.0,210.0,1.2
yongdingme_aq#12,109.0,218.0,1.2
yongdingme_aq#13,103.0,219.0,1.2
yongdingme_aq#14,92.0,220.0,0.9
yongdingme_aq#15,79.0,223.0,0.7
yongdingme_aq#16,64.0,193.0,0.6
yongdingme_aq#17,57.0,170.0,0.6
yongdingme_aq#18,62.96388888888888,134.98329320987654,73.80833333333334
yongdingme_aq#19,62.96388888888888,134.98329320987654,73.80833333333334
yongdingme_aq#20,62.96388888888888,134.98329320987654,73.80833333333334
yongdingme_aq#21,62.96388888888888,134.98329320987654,73.80833333333334
yongdingme_aq#22,62.96388888888888,134.98329320987654,73.80833333333334
yongdingme_aq#23,62.96388888888888,134.98329320987654,73.80833333333334
yongdingme_aq#24,71.0,204.0,0.9
yongdingme_aq#25,77.0,200.0,0.7
yongdingme_aq#26,72.0,194.0,0.7
yongdingme_aq#27,89.0,195.0,0.8
yongdingme_aq#28,96.0,208.0,0.8
yongdingme_aq#29,114.0,212.0,0.8
yongdingme_aq#30,112.0,220.0,1.0
yongdingme_aq#31,132.33333333333334,237.0,0.8
yongdingme_aq#32,60.0,225.0,0.8500000000000001
yongdingme_aq#33,122.0,220.0,0.9
yongdingme_aq#34,115.0,210.0,1.1
yongdingme_aq#35,109.0,210.0,1.2
yongdingme_aq#36,109.0,218.0,1.2
yongdingme_aq#37,103.0,219.0,1.2
yongdingme_aq#38,92.0,220.0,0.9
yongdingme_aq#39,79.0,223.0,0.7
yongdingme_aq#40,64.0,193.0,0.6
yongdingme_aq#41,57.0,170.0,0.6
yongdingme_aq#42,62.96388888888888,134.98329320987654,73.80833333333334
yongdingme_aq#43,62.96388888888888,134.98329320987654,73.80833333333334
yongdingme_aq#44,62.96388888888888,134.98329320987654,73.80833333333334
yongdingme_aq#45,62.96388888888888,134.98329320987654,73.80833333333334
yongdingme_aq#46,62.96388888888888,134.98329320987654,73.80833333333334
yongdingme_aq#47,62.96388888888888,134.98329320987654,73.80833333333334
xizhimenbe_aq#0,78.0,226.5,0.9
xizhimenbe_aq#1,78.5,218.5,0.75
xizhimenbe_aq#2,95.0,217.0,0.6
xizhimenbe_aq#3,100.0,213.0,0.6
xizhimenbe_aq#4,105.0,216.0,0.7
xizhimenbe_aq#5,110.0,217.0,0.7
xizhimenbe_aq#6,138.0,224.0,0.8
xizhimenbe_aq#7,135.0,228.0,0.8
xizhimenbe_aq#8,141.0,233.0,0.8
xizhimenbe_aq#9,134.0,227.0,0.9
xizhimenbe_aq#10,133.0,222.0,1.0
xizhimenbe_aq#11,140.0,231.0,1.2
xizhimenbe_aq#12,119.0,198.0,1.0
xizhimenbe_aq#13,123.0,198.0,1.1
xizhimenbe_aq#14,114.0,200.0,1.0
xizhimenbe_aq#15,102.0,213.0,0.8
xizhimenbe_aq#16,88.0,205.0,0.7
xizhimenbe_aq#17,74.0,179.0,0.5
xizhimenbe_aq#18,57.43888888888888,139.70925,58.95902777777778
xizhimenbe_aq#19,57.43888888888888,139.70925,58.95902777777778
xizhimenbe_aq#20,57.43888888888888,139.70925,58.95902777777778
xizhimenbe_aq#21,57.43888888888888,139.70925,58.95902777777778
xizhimenbe_aq#22,57.43888888888888,139.70925,58.95902777777778
xizhimenbe_aq#23,57.43888888888888,139.70925,58.95902777777778
xizhimenbe_aq#24,78.0,226.5,0.9
xizhimenbe_aq#25,78.5,218.5,0.75
xizhimenbe_aq#26,95.0,217.0,0.6
xizhimenbe_aq#27,100.0,213.0,0.6
xizhimenbe_aq#28,105.0,216.0,0.7
xizhimenbe_aq#29,110.0,217.0,0.7
xizhimenbe_aq#30,138.0,224.0,0.8
xizhimenbe_aq#31,135.0,228.0,0.8
xizhimenbe_aq#32,141.0,233.0,0.8
xizhimenbe_aq#33,134.0,227.0,0.9
xizhimenbe_aq#34,133.0,222.0,1.0
xizhimenbe_aq#35,140.0,231.0,1.2
xizhimenbe_aq#36,119.0,198.0,1.0
xizhimenbe_aq#37,123.0,198.0,1.1
xizhimenbe_aq#38,114.0,200.0,1.0
xizhimenbe_aq#39,102.0,213.0,0.8
xizhimenbe_aq#40,88.0,205.0,0.7
xizhimenbe_aq#41,74.0,179.0,0.5
xizhimenbe_aq#42,57.43888888888888,139.70925,58.95902777777778
xizhimenbe_aq#43,57.43888888888888,139.70925,58.95902777777778
xizhimenbe_aq#44,57.43888888888888,139.70925,58.95902777777778
xizhimenbe_aq#45,57.43888888888888,139.70925,58.95902777777778
xizhimenbe_aq#46,57.43888888888888,139.70925,58.95902777777778
xizhimenbe_aq#47,57.43888888888888,139.70925,58.95902777777778
nansanhuan_aq#0,85.0,249.0,0.9
nansanhuan_aq#1,80.0,237.0,0.8
nansanhuan_aq#2,79.0,219.0,0.7
nansanhuan_aq#3,82.0,220.0,0.7
nansanhuan_aq#4,93.0,218.0,0.7
nansanhuan_aq#5,105.0,232.0,0.8
nansanhuan_aq#6,110.0,239.0,0.9
nansanhuan_aq#7,120.0,248.0,0.9
nansanhuan_aq#8,124.0,241.0,1.0
nansanhuan_aq#9,178.0,241.0,1.0
nansanhuan_aq#10,193.0,228.0,1.1
nansanhuan_aq#11,156.0,228.0,1.2
nansanhuan_aq#12,145.0,241.0,1.1
nansanhuan_aq#13,139.0,234.0,1.1
nansanhuan_aq#14,130.0,233.0,0.9
nansanhuan_aq#15,103.0,232.0,0.8
nansanhuan_aq#16,73.0,219.0,0.6
nansanhuan_aq#17,58.0,190.0,0.5
nansanhuan_aq#18,65.77916666666667,160.84533333333334,51.604861111111106
nansanhuan_aq#19,65.77916666666667,160.84533333333334,51.604861111111106
nansanhuan_aq#20,65.77916666666667,160.84533333333334,51.604861111111106
nansanhuan_aq#21,65.77916666666667,160.84533333333334,51.604861111111106
nansanhuan_aq#22,65.77916666666667,160.84533333333334,51.604861111111106
nansanhuan_aq#23,65.77916666666667,160.84533333333334,51.604861111111106
nansanhuan_aq#24,85.0,249.0,0.9
nansanhuan_aq#25,80.0,237.0,0.8
nansanhuan_aq#26,79.0,219.0,0.7
nansanhuan_aq#27,82.0,220.0,0.7
nansanhuan_aq#28,93.0,218.0,0.7
nansanhuan_aq#29,105.0,232.0,0.8
nansanhuan_aq#30,110.0,239.0,0.9
nansanhuan_aq#31,120.0,248.0,0.9
nansanhuan_aq#32,124.0,241.0,1.0
nansanhuan_aq#33,178.0,241.0,1.0
nansanhuan_aq#34,193.0,228.0,1.1
nansanhuan_aq#35,156.0,228.0,1.2
nansanhuan_aq#36,145.0,241.0,1.1
nansanhuan_aq#37,139.0,234.0,1.1
nansanhuan_aq#38,130.0,233.0,0.9
nansanhuan_aq#39,103.0,232.0,0.8
nansanhuan_aq#40,73.0,219.0,0.6
nansanhuan_aq#41,58.0,190.0,0.5
nansanhuan_aq#42,65.77916666666667,160.84533333333334,51.604861111111106
nansanhuan_aq#43,65.77916666666667,160.84533333333334,51.604861111111106
nansanhuan_aq#44,65.77916666666667,160.84533333333334,51.604861111111106
nansanhuan_aq#45,65.77916666666667,160.84533333333334,51.604861111111106
nansanhuan_aq#46,65.77916666666667,160.84533333333334,51.604861111111106
nansanhuan_aq#47,65.77916666666667,160.84533333333334,51.604861111111106
dongsihuan_aq#0,73.0,218.0,0.6
dongsihuan_aq#1,76.0,206.0,0.6
dongsihuan_aq#2,85.0,207.0,0.7
dongsihuan_aq#3,98.5,213.5,0.75
dongsihuan_aq#4,107.0,346.0,0.7
dongsihuan_aq#5,96.0,239.0,0.7
dongsihuan_aq#6,106.0,250.0,0.8
dongsihuan_aq#7,115.0,297.0,0.8
dongsihuan_aq#8,124.0,469.0,0.8
dongsihuan_aq#9,123.0,223.5,0.9
dongsihuan_aq#10,125.0,217.5,0.9
dongsihuan_aq#11,129.0,223.0,1.45
dongsihuan_aq#12,88.0,242.0,1.1
dongsihuan_aq#13,92.0,283.0,1.3
dongsihuan_aq#14,86.0,282.0,1.1
dongsihuan_aq#15,54.0,252.0,0.6
dongsihuan_aq#16,41.0,232.0,0.4
dongsihuan_aq#17,43.0,226.0,0.6
dongsihuan_aq#18,55.47083333333333,158.7218787878788,55.75694444444444
dongsihuan_aq#19,55.47083333333333,158.7218787878788,55.75694444444444
dongsihuan_aq#20,55.47083333333333,158.7218787878788,55.75694444444444
dongsihuan_aq#21,55.47083333333333,158.7218787878788,55.75694444444444
dongsihuan_aq#22,55.47083333333333,158.7218787878788,55.75694444444444
dongsihuan_aq#23,55.47083333333333,158.7218787878788,55.75694444444444
dongsihuan_aq#24,73.0,218.0,0.6
dongsihuan_aq#25,76.0,206.0,0.6
dongsihuan_aq#26,85.0,207.0,0.7
dongsihuan_aq#27,98.5,213.5,0.75
dongsihuan_aq#28,107.0,346.0,0.7
dongsihuan_aq#29,96.0,239.0,0.7
dongsihuan_aq#30,106.0,250.0,0.8
dongsihuan_aq#31,115.0,297.0,0.8
dongsihuan_aq#32,124.0,469.0,0.8
dongsihuan_aq#33,123.0,223.5,0.9
dongsihuan_aq#34,125.0,217.5,0.9
dongsihuan_aq#35,129.0,223.0,1.45
dongsihuan_aq#36,88.0,242.0,1.1
dongsihuan_aq#37,92.0,283.0,1.3
dongsihuan_aq#38,86.0,282.0,1.1
dongsihuan_aq#39,54.0,252.0,0.6
dongsihuan_aq#40,41.0,232.0,0.4
dongsihuan_aq#41,43.0,226.0,0.6
dongsihuan_aq#42,55.47083333333333,158.7218787878788,55.75694444444444
dongsihuan_aq#43,55.47083333333333,158.7218787878788,55.75694444444444
dongsihuan_aq#44,55.47083333333333,158.7218787878788,55.75694444444444
dongsihuan_aq#45,55.47083333333333,158.7218787878788,55.75694444444444
dongsihuan_aq#46,55.47083333333333,158.7218787878788,55.75694444444444
dongsihuan_aq#47,55.47083333333333,158.7218787878788,55.75694444444444
CD1#0,8.7,14.0,
CD1#1,7.0,14.6,
CD1#2,7.6,13.0,
CD1#3,6.9,10.7,
CD1#4,6.6,10.3,
CD1#5,6.6,10.3,
CD1#6,10.1,15.2,
CD1#7,9.1,16.9,
CD1#8,9.0,18.1,
CD1#9,7.9,15.9,
CD1#10,9.1,15.4,
CD1#11,10.6,15.1,
CD1#12,11.5,19.9,
CD1#13,8.9,21.8,
CD1#14,9.3,20.9,
CD1#15,11.4,20.2,
CD1#16,11.5,15.2,
CD1#17,9.0,16.9,
CD1#18,13.0,16.8,
CD1#19,19.57926829268292,26.985365853658532,
CD1#20,19.57926829268292,26.985365853658532,
CD1#21,19.57926829268292,26.985365853658532,
CD1#22,19.57926829268292,26.985365853658532,
CD1#23,19.57926829268292,26.985365853658532,
CD1#24,8.7,14.0,
CD1#25,7.0,14.6,
CD1#26,7.6,13.0,
CD1#27,6.9,10.7,
CD1#28,6.6,10.3,
CD1#29,6.6,10.3,
CD1#30,10.1,15.2,
CD1#31,9.1,16.9,
CD1#32,9.0,18.1,
CD1#33,7.9,15.9,
CD1#34,9.1,15.4,
CD1#35,10.6,15.1,
CD1#36,11.5,19.9,
CD1#37,8.9,21.8,
CD1#38,9.3,20.9,
CD1#39,11.4,20.2,
CD1#40,11.5,15.2,
CD1#41,9.0,16.9,
CD1#42,13.0,16.8,
CD1#43,19.57926829268292,26.985365853658532,
CD1#44,19.57926829268292,26.985365853658532,
CD1#45,19.57926829268292,26.985365853658532,
CD1#46,19.57926829268292,26.985365853658532,
CD1#47,19.57926829268292,26.985365853658532,
BL0#0,9.133333333333333,13.7,
BL0#1,1.7,13.2,
BL0#2,7.333333333333332,13.25,
BL0#3,1.1,12.1,
BL0#4,6.9,10.35,
BL0#5,6.9,10.35,
BL0#6,10.966666666666667,9.8,
BL0#7,10.4,15.1,
BL0#8,3.0,13.5,
BL0#9,6.9,16.2,
BL0#10,1.1,15.1,
BL0#11,3.6,14.3,
BL0#12,5.2,13.6,
BL0#13,5.2,17.9,
BL0#14,7.0,15.4,
BL0#15,11.766666666666667,15.6,
BL0#16,13.533333333333333,13.1,
BL0#17,5.8,15.4,
BL0#18,8.2,15.7,
BL0#19,16.60609756097562,23.627439024390235,
BL0#20,16.60609756097562,23.627439024390235,
BL0#21,16.60609756097562,23.627439024390235,
BL0#22,16.60609756097562,23.627439024390235,
BL0#23,16.60609756097562,23.627439024390235,
BL0#24,9.133333333333333,13.7,
BL0#25,1.7,13.2,
BL0#26,7.333333333333332,13.25,
BL0#27,1.1,12.1,
BL0#28,6.9,10.35,
BL0#29,6.9,10.35,
BL0#30,10.966666666666667,9.8,
BL0#31,10.4,15.1,
BL0#32,3.0,13.5,
BL0#33,6.9,16.2,
BL0#34,1.1,15.1,
BL0#35,3.6,14.3,
BL0#36,5.2,13.6,
BL0#37,5.2,17.9,
BL0#38,7.0,15.4,
BL0#39,11.766666666666667,15.6,
BL0#40,13.533333333333333,13.1,
BL0#41,5.8,15.4,
BL0#42,8.2,15.7,
BL0#43,16.60609756097562,23.627439024390235,
BL0#44,16.60609756097562,23.627439024390235,
BL0#45,16.60609756097562,23.627439024390235,
BL0#46,16.60609756097562,23.627439024390235,
BL0#47,16.60609756097562,23.627439024390235,
GR4#0,9.566666666666666,13.4,
GR4#1,3.2,12.9,
GR4#2,7.066666666666666,13.5,
GR4#3,4.35,12.1,
GR4#4,7.2,10.4,
GR4#5,7.2,10.4,
GR4#6,11.833333333333332,12.2,
GR4#7,11.7,13.3,
GR4#8,7.1,10.7,
GR4#9,8.3,11.0,
GR4#10,7.6,9.9,
GR4#11,7.300000000000002,11.4,
GR4#12,9.95,12.4,
GR4#13,7.1,12.1,
GR4#14,9.65,14.1,
GR4#15,12.133333333333333,12.2,
GR4#16,15.566666666666665,11.0,
GR4#17,9.4,12.6,
GR4#18,9.95,14.8,
GR4#19,16.84817073170731,21.986585365853674,
GR4#20,16.84817073170731,21.986585365853674,
GR4#21,16.84817073170731,21.986585365853674,
GR4#22,16.84817073170731,21.986585365853674,
GR4#23,16.84817073170731,21.986585365853674,
GR4#24,9.566666666666666,13.4,
GR4#25,3.2,12.9,
GR4#26,7.066666666666666,13.5,
GR4#27,4.35,12.1,
GR4#28,7.2,10.4,
GR4#29,7.2,10.4,
GR4#30,11.833333333333332,12.2,
GR4#31,11.7,13.3,
GR4#32,7.1,10.7,
GR4#33,8.3,11.0,
GR4#34,7.6,9.9,
GR4#35,7.300000000000002,11.4,
GR4#36,9.95,12.4,
GR4#37,7.1,12.1,
GR4#38,9.65,14.1,
GR4#39,12.133333333333333,12.2,
GR4#40,15.566666666666665,11.0,
GR4#41,9.4,12.6,
GR4#42,9.95,14.8,
GR4#43,16.84817073170731,21.986585365853674,
GR4#44,16.84817073170731,21.986585365853674,
GR4#45,16.84817073170731,21.986585365853674,
GR4#46,16.84817073170731,21.986585365853674,
GR4#47,16.84817073170731,21.986585365853674,
MY7#0,10.0,17.6,
MY7#1,4.7,18.8,
MY7#2,6.8,15.8,
MY7#3,7.6,15.2,
MY7#4,7.5,18.6,
MY7#5,7.5,18.6,
MY7#6,12.7,22.3,
MY7#7,13.0,29.3,
MY7#8,11.2,32.5,
MY7#9,9.7,27.9,
MY7#10,14.1,28.9,
MY7#11,11.0,28.4,
MY7#12,14.7,24.3,
MY7#13,9.0,32.2,
MY7#14,12.3,30.3,
MY7#15,12.5,24.5,
MY7#16,17.6,23.8,
MY7#17,13.0,25.1,
MY7#18,11.7,26.3,
MY7#19,20.081707317073178,33.0658536585366,
MY7#20,20.081707317073178,33.0658536585366,
MY7#21,20.081707317073178,33.0658536585366,
MY7#22,20.081707317073178,33.0658536585366,
MY7#23,20.081707317073178,33.0658536585366,
MY7#24,10.0,17.6,
MY7#25,4.7,18.8,
MY7#26,6.8,15.8,
MY7#27,7.6,15.2,
MY7#28,7.5,18.6,
MY7#29,7.5,18.6,
MY7#30,12.7,22.3,
MY7#31,13.0,29.3,
MY7#32,11.2,32.5,
MY7#33,9.7,27.9,
MY7#34,14.1,28.9,
MY7#35,11.0,28.4,
MY7#36,14.7,24.3,
MY7#37,9.0,32.2,
MY7#38,12.3,30.3,
MY7#39,12.5,24.5,
MY7#40,17.6,23.8,
MY7#41,13.0,25.1,
MY7#42,11.7,26.3,
MY7#43,20.081707317073178,33.0658536585366,
MY7#44,20.081707317073178,33.0658536585366,
MY7#45,20.081707317073178,33.0658536585366,
MY7#46,20.081707317073178,33.0658536585366,
MY7#47,20.081707317073178,33.0658536585366,
HV1#0,7.1,13.8,
HV1#1,3.8,10.5,
HV1#2,3.6,10.5,
HV1#3,5.8,12.7,
HV1#4,8.0,16.7,
HV1#5,8.0,16.7,
HV1#6,7.0,26.3,
HV1#7,9.3,27.2,
HV1#8,5.7,29.8,
HV1#9,5.8,32.3,
HV1#10,7.7,32.1,
HV1#11,2.8,24.9,
HV1#12,7.6,25.0,
HV1#13,5.2,22.6,
HV1#14,6.8,25.7,
HV1#15,7.3,21.3,
HV1#16,11.2,23.5,
HV1#17,9.4,20.1,
HV1#18,9.5,17.2,
HV1#19,15.732926829268289,24.818292682926824,
HV1#20,15.732926829268289,24.818292682926824,
HV1#21,15.732926829268289,24.818292682926824,
HV1#22,15.732926829268289,24.818292682926824,
HV1#23,15.732926829268289,24.818292682926824,
HV1#24,7.1,13.8,
HV1#25,3.8,10.5,
HV1#26,3.6,10.5,
HV1#27,5.8,12.7,
HV1#28,8.0,16.7,
HV1#29,8.0,16.7,
HV1#30,7.0,26.3,
HV1#31,9.3,27.2,
HV1#32,5.7,29.8,
HV1#33,5.8,32.3,
HV1#34,7.7,32.1,
HV1#35,2.8,24.9,
HV1#36,7.6,25.0,
HV1#37,5.2,22.6,
HV1#38,6.8,25.7,
HV1#39,7.3,21.3,
HV1#40,11.2,23.5,
HV1#41,9.4,20.1,
HV1#42,9.5,17.2,
HV1#43,15.732926829268289,24.818292682926824,
HV1#44,15.732926829268289,24.818292682926824,
HV1#45,15.732926829268289,24.818292682926824,
HV1#46,15.732926829268289,24.818292682926824,
HV1#47,15.732926829268289,24.818292682926824,
GN3#0,7.8,15.0,
GN3#1,6.2,13.6,
GN3#2,6.2,14.3,
GN3#3,5.6,12.0,
GN3#4,5.7,12.4,
GN3#5,5.7,12.4,
GN3#6,6.6,14.2,
GN3#7,6.4,12.9,
GN3#8,5.6,8.7,
GN3#9,4.9,9.4,
GN3#10,5.5,11.1,
GN3#11,6.8,14.6,
GN3#12,5.2,12.4,
GN3#13,6.1,12.4,
GN3#14,9.1,14.4,
GN3#15,5.5,14.4,
GN3#16,6.5,12.7,
GN3#17,6.5,12.6,
GN3#18,8.4,14.3,
GN3#19,17.635365853658534,24.265853658536585,
GN3#20,17.635365853658534,24.265853658536585,
GN3#21,17.635365853658534,24.265853658536585,
GN3#22,17.635365853658534,24.265853658536585,
GN3#23,17.635365853658534,24.265853658536585,
GN3#24,7.8,15.0,
GN3#25,6.2,13.6,
GN3#26,6.2,14.3,
GN3#27,5.6,12.0,
GN3#28,5.7,12.4,
GN3#29,5.7,12.4,
GN3#30,6.6,14.2,
GN3#31,6.4,12.9,
GN3#32,5.6,8.7,
GN3#33,4.9,9.4,
GN3#34,5.5,11.1,
GN3#35,6.8,14.6,
GN3#36,5.2,12.4,
GN3#37,6.1,12.4,
GN3#38,9.1,14.4,
GN3#39,5.5,14.4,
GN3#40,6.5,12.7,
GN3#41,6.5,12.6,
GN3#42,8.4,14.3,
GN3#43,17.635365853658534,24.265853658536585,
GN3#44,17.635365853658534,24.265853658536585,
GN3#45,17.635365853658534,24.265853658536585,
GN3#46,17.635365853658534,24.265853658536585,
GN3#47,17.635365853658534,24.265853658536585,
GR9#0,4.1,14.4,
GR9#1,5.4,15.1,
GR9#2,6.3,14.3,
GR9#3,4.4,13.2,
GR9#4,3.1,11.9,
GR9#5,3.1,11.9,
GR9#6,6.0,16.0,
GR9#7,5.5,15.4,
GR9#8,2.6,12.8,
GR9#9,4.8,15.0,
GR9#10,6.7,18.6,
GR9#11,5.4,13.5,
GR9#12,5.3,11.7,
GR9#13,4.4,13.2,
GR9#14,7.8,17.5,
GR9#15,6.6,15.4,
GR9#16,7.7,16.7,
GR9#17,9.8,33.9,
GR9#18,8.1,30.8,
GR9#19,15.99878048780488,25.77926829268293,
GR9#20,15.99878048780488,25.77926829268293,
GR9#21,15.99878048780488,25.77926829268293,
GR9#22,15.99878048780488,25.77926829268293,
GR9#23,15.99878048780488,25.77926829268293,
GR9#24,4.1,14.4,
GR9#25,5.4,15.1,
GR9#26,6.3,14.3,
GR9#27,4.4,13.2,
GR9#28,3.1,11.9,
GR9#29,3.1,11.9,
GR9#30,6.0,16.0,
GR9#31,5.5,15.4,
GR9#32,2.6,12.8,
GR9#33,4.8,15.0,
GR9#34,6.7,18.6,
GR9#35,5.4,13.5,
GR9#36,5.3,11.7,
GR9#37,4.4,13.2,
GR9#38,7.8,17.5,
GR9#39,6.6,15.4,
GR9#40,7.7,16.7,
GR9#41,9.8,33.9,
GR9#42,8.1,30.8,
GR9#43,15.99878048780488,25.77926829268293,
GR9#44,15.99878048780488,25.77926829268293,
GR9#45,15.99878048780488,25.77926829268293,
GR9#46,15.99878048780488,25.77926829268293,
GR9#47,15.99878048780488,25.77926829268293,
LW2#0,8.8,14.9,
LW2#1,4.1,11.9,
LW2#2,7.2,14.4,
LW2#3,4.9,12.6,
LW2#4,6.6,9.9,
LW2#5,6.6,9.9,
LW2#6,7.4,13.5,
LW2#7,4.3,15.4,
LW2#8,8.6,12.9,
LW2#9,7.5,11.9,
LW2#10,8.8,14.0,
LW2#11,7.8,17.1,
LW2#12,6.65,12.45,
LW2#13,8.9,13.0,
LW2#14,7.3,14.8,
LW2#15,7.5,15.35,
LW2#16,11.6,13.0,
LW2#17,13.3,15.7,
LW2#18,13.4,22.5,
LW2#19,17.5530487804878,23.778048780487822,
LW2#20,17.5530487804878,23.778048780487822,
LW2#21,17.5530487804878,23.778048780487822,
LW2#22,17.5530487804878,23.778048780487822,
LW2#23,17.5530487804878,23.778048780487822,
LW2#24,8.8,14.9,
LW2#25,4.1,11.9,
LW2#26,7.2,14.4,
LW2#27,4.9,12.6,
LW2#28,6.6,9.9,
LW2#29,6.6,9.9,
LW2#30,7.4,13.5,
LW2#31,4.3,15.4,
LW2#32,8.6,12.9,
LW2#33,7.5,11.9,
LW2#34,8.8,14.0,
LW2#35,7.8,17.1,
LW2#36,6.65,12.45,
LW2#37,8.9,13.0,
LW2#38,7.3,14.8,
LW2#39,7.5,15.35,
LW2#40,11.6,13.0,
LW2#41,13.3,15.7,
LW2#42,13.4,22.5,
LW2#43,17.5530487804878,23.778048780487822,
LW2#44,17.5530487804878,23.778048780487822,
LW2#45,17.5530487804878,23.778048780487822,
LW2#46,17.5530487804878,23.778048780487822,
LW2#47,17.5530487804878,23.778048780487822,
GN0#0,7.7,12.1,
GN0#1,9.4,11.4,
GN0#2,6.9,12.9,
GN0#3,7.3,10.8,
GN0#4,6.4,8.1,
GN0#5,6.4,8.1,
GN0#6,4.8,11.6,
GN0#7,3.9,10.6,
GN0#8,9.5,7.4,
GN0#9,9.2,11.8,
GN0#10,4.0,11.7,
GN0#11,4.4,12.0,
GN0#12,8.0,13.2,
GN0#13,6.4,12.4,
GN0#14,7.9,10.2,
GN0#15,8.4,15.3,
GN0#16,10.3,13.7,
GN0#17,13.7,12.0,
GN0#18,10.1,11.9,
GN0#19,18.795121951219524,20.370731707317074,
GN0#20,18.795121951219524,20.370731707317074,
GN0#21,18.795121951219524,20.370731707317074,
GN0#22,18.795121951219524,20.370731707317074,
GN0#23,18.795121951219524,20.370731707317074,
GN0#24,7.7,12.1,
GN0#25,9.4,11.4,
GN0#26,6.9,12.9,
GN0#27,7.3,10.8,
GN0#28,6.4,8.1,
GN0#29,6.4,8.1,
GN0#30,4.8,11.6,
GN0#31,3.9,10.6,
GN0#32,9.5,7.4,
GN0#33,9.2,11.8,
GN0#34,4.0,11.7,
GN0#35,4.4,12.0,
GN0#36,8.0,13.2,
GN0#37,6.4,12.4,
GN0#38,7.9,10.2,
GN0#39,8.4,15.3,
GN0#40,10.3,13.7,
GN0#41,13.7,12.0,
GN0#42,10.1,11.9,
GN0#43,18.795121951219524,20.370731707317074,
GN0#44,18.795121951219524,20.370731707317074,
GN0#45,18.795121951219524,20.370731707317074,
GN0#46,18.795121951219524,20.370731707317074,
GN0#47,18.795121951219524,20.370731707317074,
KF1#0,6.7,11.8,
KF1#1,6.8,11.8,
KF1#2,6.3,10.9,
KF1#3,5.5,9.9,
KF1#4,5.1,9.2,
KF1#5,5.1,9.2,
KF1#6,5.4,9.7,
KF1#7,3.933333333333333,12.8,
KF1#8,4.8,11.3,
KF1#9,11.466666666666667,14.2,
KF1#10,7.7,17.5,
KF1#11,11.6,16.8,
KF1#12,12.75,22.4,
KF1#13,8.933333333333334,15.133333333333335,
KF1#14,15.35,23.15,
KF1#15,7.2666666666666675,16.0,
KF1#16,17.200000000000006,24.3,
KF1#17,9.466666666666663,12.933333333333335,
KF1#18,12.6,18.7,
KF1#19,18.573170731707318,22.874570399113086,
KF1#20,18.573170731707318,22.874570399113086,
KF1#21,18.573170731707318,22.874570399113086,
KF1#22,18.573170731707318,22.874570399113086,
KF1#23,18.573170731707318,22.874570399113086,
KF1#24,6.7,11.8,
KF1#25,6.8,11.8,
KF1#26,6.3,10.9,
KF1#27,5.5,9.9,
KF1#28,5.1,9.2,
KF1#29,5.1,9.2,
KF1#30,5.4,9.7,
KF1#31,3.933333333333333,12.8,
KF1#32,4.8,11.3,
KF1#33,11.466666666666667,14.2,
KF1#34,7.7,17.5,
KF1#35,11.6,16.8,
KF1#36,12.75,22.4,
KF1#37,8.933333333333334,15.133333333333335,
KF1#38,15.35,23.15,
KF1#39,7.2666666666666675,16.0,
KF1#40,17.200000000000006,24.3,
KF1#41,9.466666666666663,12.933333333333335,
KF1#42,12.6,18.7,
KF1#43,18.573170731707318,22.874570399113086,
KF1#44,18.573170731707318,22.874570399113086,
KF1#45,18.573170731707318,22.874570399113086,
KF1#46,18.573170731707318,22.874570399113086,
KF1#47,18.573170731707318,22.874570399113086,
CD9#0,5.9,15.0,
CD9#1,7.9,11.2,
CD9#2,2.8,12.0,
CD9#3,8.75,10.85,
CD9#4,10.2,19.3,
CD9#5,10.2,19.3,
CD9#6,11.1,26.5,
CD9#7,3.966666666666667,15.0,
CD9#8,11.1,30.1,
CD9#9,13.733333333333334,16.6,
CD9#10,11.4,23.3,
CD9#11,18.8,21.6,
CD9#12,17.5,31.6,
CD9#13,11.466666666666667,17.866666666666667,
CD9#14,22.8,36.1,
CD9#15,6.133333333333333,16.7,
CD9#16,24.1,34.9,
CD9#17,5.2333333333333325,13.866666666666667,
CD9#18,15.1,25.5,
CD9#19,19.940058479532166,28.20689223057644,
CD9#20,19.940058479532166,28.20689223057644,
CD9#21,19.940058479532166,28.20689223057644,
CD9#22,19.940058479532166,28.20689223057644,
CD9#23,19.940058479532166,28.20689223057644,
CD9#24,5.9,15.0,
CD9#25,7.9,11.2,
CD9#26,2.8,12.0,
CD9#27,8.75,10.85,
CD9#28,10.2,19.3,
CD9#29,10.2,19.3,
CD9#30,11.1,26.5,
CD9#31,3.966666666666667,15.0,
CD9#32,11.1,30.1,
CD9#33,13.733333333333334,16.6,
CD9#34,11.4,23.3,
CD9#35,18.8,21.6,
CD9#36,17.5,31.6,
CD9#37,11.466666666666667,17.866666666666667,
CD9#38,22.8,36.1,
CD9#39,6.133333333333333,16.7,
CD9#40,24.1,34.9,
CD9#41,5.2333333333333325,13.866666666666667,
CD9#42,15.1,25.5,
CD9#43,19.940058479532166,28.20689223057644,
CD9#44,19.940058479532166,28.20689223057644,
CD9#45,19.940058479532166,28.20689223057644,
CD9#46,19.940058479532166,28.20689223057644,
CD9#47,19.940058479532166,28.20689223057644,
ST5#0,8.0,18.0,
ST5#1,7.2333333333333325,16.0,
ST5#2,9.0,17.0,
ST5#3,8.0,13.0,
ST5#4,8.0,18.0,
ST5#5,8.0,18.0,
ST5#6,11.0,37.0,
ST5#7,10.0,26.0,
ST5#8,8.0,33.0,
ST5#9,10.0,30.0,
ST5#10,11.0,43.0,
ST5#11,10.0,44.0,
ST5#12,10.0,62.0,
ST5#13,8.0,60.0,
ST5#14,11.0,39.0,
ST5#15,9.0,26.0,
ST5#16,8.0,22.0,
ST5#17,11.0,20.0,
ST5#18,12.0,19.0,
ST5#19,15.141869918699188,27.73458333333333,
ST5#20,15.141869918699188,27.73458333333333,
ST5#21,15.141869918699188,27.73458333333333,
ST5#22,15.141869918699188,27.73458333333333,
ST5#23,15.141869918699188,27.73458333333333,
ST5#24,8.0,18.0,
ST5#25,7.2333333333333325,16.0,
ST5#26,9.0,17.0,
ST5#27,8.0,13.0,
ST5#28,8.0,18.0,
ST5#29,8.0,18.0,
ST5#30,11.0,37.0,
ST5#31,10.0,26.0,
ST5#32,8.0,33.0,
ST5#33,10.0,30.0,
ST5#34,11.0,43.0,
ST5#35,10.0,44.0,
ST5#36,10.0,62.0,
ST5#37,8.0,60.0,
ST5#38,11.0,39.0,
ST5#39,9.0,26.0,
ST5#40,8.0,22.0,
ST5#41,11.0,20.0,
ST5#42,12.0,19.0,
ST5#43,15.141869918699188,27.73458333333333,
ST5#44,15.141869918699188,27.73458333333333,
ST5#45,15.141869918699188,27.73458333333333,
ST5#46,15.141869918699188,27.73458333333333,
ST5#47,15.141869918699188,27.73458333333333,
TH4#0,5.8,16.6,
TH4#1,6.0,16.6,
TH4#2,6.0,17.8,
TH4#3,6.2,15.8,
TH4#4,8.5,15.3,
TH4#5,8.5,15.3,
TH4#6,12.4,32.3,
TH4#7,9.1,32.3,
TH4#8,10.5,26.8,
TH4#9,9.2,22.4,
TH4#10,7.9,19.2,
TH4#11,9.8,26.4,
TH4#12,8.1,38.5,
TH4#13,7.2,35.4,
TH4#14,10.5,31.3,
TH4#15,10.4,24.0,
TH4#16,10.0,21.3,
TH4#17,9.2,19.6,
TH4#18,10.9,24.0,
TH4#19,16.060606060606066,25.541063797313793,
TH4#20,16.060606060606066,25.541063797313793,
TH4#21,16.060606060606066,25.541063797313793,
TH4#22,16.060606060606066,25.541063797313793,
TH4#23,16.060606060606066,25.541063797313793,
TH4#24,5.8,16.6,
TH4#25,6.0,16.6,
TH4#26,6.0,17.8,
TH4#27,6.2,15.8,
TH4#28,8.5,15.3,
TH4#29,8.5,15.3,
TH4#30,12.4,32.3,
TH4#31,9.1,32.3,
TH4#32,10.5,26.8,
TH4#33,9.2,22.4,
TH4#34,7.9,19.2,
TH4#35,9.8,26.4,
TH4#36,8.1,38.5,
TH4#37,7.2,35.4,
TH4#38,10.5,31.3,
TH4#39,10.4,24.0,
TH4#40,10.0,21.3,
TH4#41,9.2,19.6,
TH4#42,10.9,24.0,
TH4#43,16.060606060606066,25.541063797313793,
TH4#44,16.060606060606066,25.541063797313793,
TH4#45,16.060606060606066,25.541063797313793,
TH4#46,16.060606060606066,25.541063797313793,
TH4#47,16.060606060606066,25.541063797313793,
